participant.id_in_session,participant.code,participant.label,participant._is_bot,participant._index_in_pages,participant._max_page_index,participant._current_app_name,participant._current_page_name,participant.time_started_utc,participant.visited,participant.mturk_worker_id,participant.mturk_assignment_id,participant.payoff,participant.number_entered_participant,participant.result_risk_participant,participant.win_risk_participant,participant.payoffHL_participant,participant.payoffHLLF_participant,participant.part3payoff,participant.pick_a_lotto,participant.pick_another_lotto,participant.choice_hl_part,participant.choice_hllf_part,participant.win_hl_part,participant.win_hllf_part,participant.loss_amount_1,participant.loss_amount_2,participant.loss_amount_3,participant.loss_amount_4,participant.loss_amount_5,participant.language,participant.treatment,participant.number_of_players,session.code,session.label,session.mturk_HITId,session.mturk_HITGroupId,session.comment,session.is_demo,session.config.name,session.config.participation_fee,session.config.real_world_currency_per_point,preexperiment.1.player.id_in_group,preexperiment.1.player.role,preexperiment.1.player.payoff,preexperiment.1.player.language_picked,preexperiment.1.player.questionnaire_age,preexperiment.1.player.questionnaire_gender,preexperiment.1.player.questionnaire_genderde,preexperiment.1.player.questionnaire_smoker,preexperiment.1.player.questionnaire_smokerde,preexperiment.1.player.questionnaire_health,preexperiment.1.player.questionnaire_healthde,preexperiment.1.player.questionnaire_exercisedays,preexperiment.1.player.questionnaire_exercisedaysde,preexperiment.1.player.questionnaire_exercisehours,preexperiment.1.player.questionnaire_insurancehealth,preexperiment.1.player.questionnaire_insurancehealthde,preexperiment.1.player.questionnaire_lifeinsurance,preexperiment.1.player.questionnaire_lifeinsurancede,preexperiment.1.player.questionnaire_riskdriving,preexperiment.1.player.questionnaire_riskdrivingde,preexperiment.1.player.questionnaire_riskfinance,preexperiment.1.player.questionnaire_riskfinancede,preexperiment.1.player.questionnaire_risksport,preexperiment.1.player.questionnaire_risksportde,preexperiment.1.player.questionnaire_riskjob,preexperiment.1.player.questionnaire_riskjobde,preexperiment.1.player.questionnaire_riskhealth,preexperiment.1.player.questionnaire_riskhealthde,preexperiment.1.player.questionnaire_risktrust,preexperiment.1.player.questionnaire_risktrustde,preexperiment.1.player.questionnaire_risk,preexperiment.1.player.questionnaire_riskde,preexperiment.1.player.number_entered,preexperiment.1.player.result_risk,preexperiment.1.player.win_risk,preexperiment.1.player.winHL,preexperiment.1.player.winHLLF,preexperiment.1.player.choiceHL,preexperiment.1.player.choiceHLLF,preexperiment.1.player.choice1,preexperiment.1.player.choice2,preexperiment.1.player.choice3,preexperiment.1.player.choice4,preexperiment.1.player.choice5,preexperiment.1.player.choice6,preexperiment.1.player.choice7,preexperiment.1.player.choice8,preexperiment.1.player.choice9,preexperiment.1.player.choice10,preexperiment.1.player.winHL1,preexperiment.1.player.winHL2,preexperiment.1.player.winHL3,preexperiment.1.player.winHL4,preexperiment.1.player.winHL5,preexperiment.1.player.winHL6,preexperiment.1.player.winHL7,preexperiment.1.player.winHL8,preexperiment.1.player.winHL9,preexperiment.1.player.winHL10,preexperiment.1.player.resultHL1,preexperiment.1.player.resultHL2,preexperiment.1.player.resultHL3,preexperiment.1.player.resultHL4,preexperiment.1.player.resultHL5,preexperiment.1.player.resultHL6,preexperiment.1.player.resultHL7,preexperiment.1.player.resultHL8,preexperiment.1.player.resultHL9,preexperiment.1.player.resultHL10,preexperiment.1.player.choice1LF,preexperiment.1.player.choice2LF,preexperiment.1.player.choice3LF,preexperiment.1.player.choice4LF,preexperiment.1.player.choice5LF,preexperiment.1.player.choice6LF,preexperiment.1.player.choice7LF,preexperiment.1.player.choice8LF,preexperiment.1.player.choice9LF,preexperiment.1.player.choice10LF,preexperiment.1.player.winHL1LF,preexperiment.1.player.winHL2LF,preexperiment.1.player.winHL3LF,preexperiment.1.player.winHL4LF,preexperiment.1.player.winHL5LF,preexperiment.1.player.winHL6LF,preexperiment.1.player.winHL7LF,preexperiment.1.player.winHL8LF,preexperiment.1.player.winHL9LF,preexperiment.1.player.winHL10LF,preexperiment.1.player.resultHL1LF,preexperiment.1.player.resultHL2LF,preexperiment.1.player.resultHL3LF,preexperiment.1.player.resultHL4LF,preexperiment.1.player.resultHL5LF,preexperiment.1.player.resultHL6LF,preexperiment.1.player.resultHL7LF,preexperiment.1.player.resultHL8LF,preexperiment.1.player.resultHL9LF,preexperiment.1.player.resultHL10LF,preexperiment.1.player.real_group,preexperiment.1.player.ranking,preexperiment.1.player.real_rank,preexperiment.1.player.number_of_players,preexperiment.1.player.treatment_temp,preexperiment.1.player.treatment,preexperiment.1.group.id_in_subsession,preexperiment.1.subsession.round_number,informationtreatment.1.player.id_in_group,informationtreatment.1.player.role,informationtreatment.1.player.payoff,informationtreatment.1.player.var1,informationtreatment.1.player.var2,informationtreatment.1.player.var3,informationtreatment.1.player.var4,informationtreatment.1.player.prob,informationtreatment.1.player.belief,informationtreatment.1.player.WTP,informationtreatment.1.player.insurance,informationtreatment.1.player.result_risk,informationtreatment.1.player.win_risk,informationtreatment.1.player.treatment_temp,informationtreatment.1.player.treatment,informationtreatment.1.player.ranking,informationtreatment.1.player.real_rank,informationtreatment.1.player.real_group,informationtreatment.1.player.timer_char1,informationtreatment.1.player.timer_char2,informationtreatment.1.player.timer_char3,informationtreatment.1.player.timer_char4,informationtreatment.1.player.timer_char7,informationtreatment.1.player.timer_faq_coverage,informationtreatment.1.player.timer_faq_noinsurance,informationtreatment.1.player.timer_faq_howitworks,informationtreatment.1.player.timer_faq_choiceaffectsprice,informationtreatment.1.player.belief_correct,informationtreatment.1.player.result_belief,informationtreatment.1.player.state,informationtreatment.1.player.number_of_players,informationtreatment.1.player.payoff_this_round,informationtreatment.1.player.random_number,informationtreatment.1.player.final_payoff,informationtreatment.1.player.purchased_coverage,informationtreatment.1.player.loss_amount,informationtreatment.1.player.display_payoff_euro,informationtreatment.1.group.id_in_subsession,informationtreatment.1.subsession.round_number,informationtreatment.2.player.id_in_group,informationtreatment.2.player.role,informationtreatment.2.player.payoff,informationtreatment.2.player.var1,informationtreatment.2.player.var2,informationtreatment.2.player.var3,informationtreatment.2.player.var4,informationtreatment.2.player.prob,informationtreatment.2.player.belief,informationtreatment.2.player.WTP,informationtreatment.2.player.insurance,informationtreatment.2.player.result_risk,informationtreatment.2.player.win_risk,informationtreatment.2.player.treatment_temp,informationtreatment.2.player.treatment,informationtreatment.2.player.ranking,informationtreatment.2.player.real_rank,informationtreatment.2.player.real_group,informationtreatment.2.player.timer_char1,informationtreatment.2.player.timer_char2,informationtreatment.2.player.timer_char3,informationtreatment.2.player.timer_char4,informationtreatment.2.player.timer_char7,informationtreatment.2.player.timer_faq_coverage,informationtreatment.2.player.timer_faq_noinsurance,informationtreatment.2.player.timer_faq_howitworks,informationtreatment.2.player.timer_faq_choiceaffectsprice,informationtreatment.2.player.belief_correct,informationtreatment.2.player.result_belief,informationtreatment.2.player.state,informationtreatment.2.player.number_of_players,informationtreatment.2.player.payoff_this_round,informationtreatment.2.player.random_number,informationtreatment.2.player.final_payoff,informationtreatment.2.player.purchased_coverage,informationtreatment.2.player.loss_amount,informationtreatment.2.player.display_payoff_euro,informationtreatment.2.group.id_in_subsession,informationtreatment.2.subsession.round_number,informationtreatment.3.player.id_in_group,informationtreatment.3.player.role,informationtreatment.3.player.payoff,informationtreatment.3.player.var1,informationtreatment.3.player.var2,informationtreatment.3.player.var3,informationtreatment.3.player.var4,informationtreatment.3.player.prob,informationtreatment.3.player.belief,informationtreatment.3.player.WTP,informationtreatment.3.player.insurance,informationtreatment.3.player.result_risk,informationtreatment.3.player.win_risk,informationtreatment.3.player.treatment_temp,informationtreatment.3.player.treatment,informationtreatment.3.player.ranking,informationtreatment.3.player.real_rank,informationtreatment.3.player.real_group,informationtreatment.3.player.timer_char1,informationtreatment.3.player.timer_char2,informationtreatment.3.player.timer_char3,informationtreatment.3.player.timer_char4,informationtreatment.3.player.timer_char7,informationtreatment.3.player.timer_faq_coverage,informationtreatment.3.player.timer_faq_noinsurance,informationtreatment.3.player.timer_faq_howitworks,informationtreatment.3.player.timer_faq_choiceaffectsprice,informationtreatment.3.player.belief_correct,informationtreatment.3.player.result_belief,informationtreatment.3.player.state,informationtreatment.3.player.number_of_players,informationtreatment.3.player.payoff_this_round,informationtreatment.3.player.random_number,informationtreatment.3.player.final_payoff,informationtreatment.3.player.purchased_coverage,informationtreatment.3.player.loss_amount,informationtreatment.3.player.display_payoff_euro,informationtreatment.3.group.id_in_subsession,informationtreatment.3.subsession.round_number,informationtreatment.4.player.id_in_group,informationtreatment.4.player.role,informationtreatment.4.player.payoff,informationtreatment.4.player.var1,informationtreatment.4.player.var2,informationtreatment.4.player.var3,informationtreatment.4.player.var4,informationtreatment.4.player.prob,informationtreatment.4.player.belief,informationtreatment.4.player.WTP,informationtreatment.4.player.insurance,informationtreatment.4.player.result_risk,informationtreatment.4.player.win_risk,informationtreatment.4.player.treatment_temp,informationtreatment.4.player.treatment,informationtreatment.4.player.ranking,informationtreatment.4.player.real_rank,informationtreatment.4.player.real_group,informationtreatment.4.player.timer_char1,informationtreatment.4.player.timer_char2,informationtreatment.4.player.timer_char3,informationtreatment.4.player.timer_char4,informationtreatment.4.player.timer_char7,informationtreatment.4.player.timer_faq_coverage,informationtreatment.4.player.timer_faq_noinsurance,informationtreatment.4.player.timer_faq_howitworks,informationtreatment.4.player.timer_faq_choiceaffectsprice,informationtreatment.4.player.belief_correct,informationtreatment.4.player.result_belief,informationtreatment.4.player.state,informationtreatment.4.player.number_of_players,informationtreatment.4.player.payoff_this_round,informationtreatment.4.player.random_number,informationtreatment.4.player.final_payoff,informationtreatment.4.player.purchased_coverage,informationtreatment.4.player.loss_amount,informationtreatment.4.player.display_payoff_euro,informationtreatment.4.group.id_in_subsession,informationtreatment.4.subsession.round_number,informationtreatment.5.player.id_in_group,informationtreatment.5.player.role,informationtreatment.5.player.payoff,informationtreatment.5.player.var1,informationtreatment.5.player.var2,informationtreatment.5.player.var3,informationtreatment.5.player.var4,informationtreatment.5.player.prob,informationtreatment.5.player.belief,informationtreatment.5.player.WTP,informationtreatment.5.player.insurance,informationtreatment.5.player.result_risk,informationtreatment.5.player.win_risk,informationtreatment.5.player.treatment_temp,informationtreatment.5.player.treatment,informationtreatment.5.player.ranking,informationtreatment.5.player.real_rank,informationtreatment.5.player.real_group,informationtreatment.5.player.timer_char1,informationtreatment.5.player.timer_char2,informationtreatment.5.player.timer_char3,informationtreatment.5.player.timer_char4,informationtreatment.5.player.timer_char7,informationtreatment.5.player.timer_faq_coverage,informationtreatment.5.player.timer_faq_noinsurance,informationtreatment.5.player.timer_faq_howitworks,informationtreatment.5.player.timer_faq_choiceaffectsprice,informationtreatment.5.player.belief_correct,informationtreatment.5.player.result_belief,informationtreatment.5.player.state,informationtreatment.5.player.number_of_players,informationtreatment.5.player.payoff_this_round,informationtreatment.5.player.random_number,informationtreatment.5.player.final_payoff,informationtreatment.5.player.purchased_coverage,informationtreatment.5.player.loss_amount,informationtreatment.5.player.display_payoff_euro,informationtreatment.5.group.id_in_subsession,informationtreatment.5.subsession.round_number,final_screen.1.player.id_in_group,final_screen.1.player.role,final_screen.1.player.payoff,final_screen.1.group.id_in_subsession,final_screen.1.subsession.round_number
1,op30g8ti,595804ea8b58be00012c25a1,0,46,46,final_screen,MyPage,2022-12-17 14:09:23.437865,1,,,556.0,0.0,50.0,1,16,20,470.0,4,5,1,1,0,1,80,40,100,20,60,en,varinfo,50,rv8l9v05,,,,,0,theexperiment,0.0,0.01,1,,0.0,en,50.0,0,,0,,7,,1,,1.0,1,,0,,1,,3,,1,,2,,1,,,,2,,0.0,50.0,1,0,1,1,1,1,1,1,1,1,1,1,0,0,0,0,0,1,0,0,0,1,1,1,1,16.0,16.0,20.0,16.0,16.0,16.0,20.0,38.0,38.0,38.0,1,1,1,1,1,1,0,0,0,0,0,0,0,0,1,1,0,1,1,1,24.0,24.0,24.0,24.0,20.0,20.0,39.0,2.0,2.0,2.0,,,,,,,1,1,1,,0.0,1.0,7.8731,1.0,8.0,0.3220395695513543,30.5,25.0,56.0,,,,varinfo,,,,21592.0,25863.0,5799.0,4215.0,,1929.0,,12393.0,7073.0,1,50.0,healthy,50,150.0,56.0,,0,80.0,,1,1,1,,0.0,0.0,10.0,0.0,9.0,0.3658644948225181,24.0,15.0,38.0,,,,varinfo,,,,1768.0,1977.0,856.0,1576.0,,,,,,0,0.0,healthy,50,100.0,38.0,,0,40.0,,1,2,1,,0.0,1.0,5.0,0.0,1.0,0.880796936729369,41.75,30.0,12.0,,,,varinfo,,,,864.0,1304.0,664.0,1040.0,,,,,,0,0.0,ill,50,88.0,12.0,,1,100.0,,1,3,1,,0.0,0.0,3.0,1.0,2.0,0.3893608380189251,20.0,15.0,8.0,,,,varinfo,,,,623.0,744.0,633.0,632.0,,,,,,0,0.0,healthy,50,92.0,8.0,,1,20.0,,1,4,1,,0.0,1.0,6.0,0.0,5.0,0.6341355051774819,39.0,18.0,43.0,,,,varinfo,,,,775.0,551.0,552.0,696.0,,,,,,0,0.0,ill,50,40.0,43.0,556.0,0,60.0,5.56,1,5,1,,0.0,1,1
2,r41kggz3,62682277645054f5802459b8,0,46,46,final_screen,MyPage,2022-12-17 14:09:27.105047,1,,,893.0,30.0,95.0,1,20,38,740.0,2,10,1,0,1,1,100,60,80,20,40,en,fullinfo,50,rv8l9v05,,,,,0,theexperiment,0.0,0.01,2,,0.0,en,56.0,0,,0,,7,,3,,1.0,1,,0,,0,,5,,5,,0,,0,,,,5,,30.0,95.0,1,1,1,1,0,1,1,1,1,1,0,0,0,0,0,1,1,0,0,0,1,0,0,1,1,20.0,20.0,16.0,16.0,16.0,38.0,1.0,1.0,38.0,38.0,1,1,1,1,1,0,0,0,0,0,1,0,1,0,0,0,0,1,1,1,20.0,24.0,20.0,24.0,24.0,39.0,39.0,2.0,2.0,2.0,,,,,,,1,1,2,,0.0,1.0,7.8731,1.0,8.0,0.3220395695513543,32.0,20.0,87.0,,,,fullinfo,,,,17601.0,35207.0,6582.0,15326.0,45082.0,981.0,,9580.0,5479.0,1,50.0,healthy,50,150.0,87.0,,0,100.0,,1,1,2,,0.0,0.0,10.0,0.0,9.0,0.3658644948225181,36.5,20.0,54.0,,,,fullinfo,,,,3927.0,1615.0,1143.0,792.0,5033.0,,,,,1,50.0,healthy,50,150.0,54.0,,0,60.0,,1,2,2,,0.0,1.0,5.0,0.0,1.0,0.880796936729369,88.0,60.0,5.0,,,,fullinfo,,,,,,,,3850.0,,,,,1,50.0,ill,50,145.0,5.0,,1,80.0,,1,3,2,,0.0,0.0,3.0,1.0,2.0,0.3893608380189251,38.5,5.0,5.0,,,,fullinfo,,,,,136.0,,1083.0,2058.0,,,,,1,50.0,ill,50,145.0,5.0,,1,20.0,,1,4,2,,0.0,1.0,6.0,0.0,5.0,0.6341355051774819,63.0,8.0,17.0,,,,fullinfo,,,,872.0,123.0,,788.0,10594.0,,,,,1,50.0,healthy,50,150.0,17.0,893.0,0,40.0,8.93,1,5,2,,0.0,1,1
3,1ijmsvad,57d5ab3a722df500017f3622,0,46,46,final_screen,MyPage,2022-12-17 14:09:29.364005,1,,,580.0,25.0,87.5,1,16,20,456.0,1,6,1,1,0,1,60,40,20,80,100,en,neginfo,50,rv8l9v05,,,,,0,theexperiment,0.0,0.01,3,,0.0,en,42.0,0,,0,,9,,5,,1.0,1,,0,,0,,2,,8,,6,,0,,,,4,,25.0,87.5,1,0,1,1,1,1,1,1,1,1,1,1,1,1,1,0,0,1,0,0,1,1,1,1,1,16.0,16.0,20.0,16.0,16.0,20.0,20.0,20.0,20.0,20.0,1,1,1,1,1,1,1,1,1,1,0,1,0,1,0,1,1,1,1,1,24.0,20.0,24.0,20.0,24.0,20.0,20.0,20.0,20.0,20.0,,,,,,,1,1,3,,0.0,1.0,7.8731,1.0,8.0,0.3220395695513543,22.0,10.0,54.0,,,,neginfo,,,,125.0,17.0,9.0,8.0,,1477.0,,22110.0,2528.0,0,0.0,ill,50,40.0,54.0,,0,60.0,,1,1,3,,0.0,0.0,10.0,0.0,9.0,0.3658644948225181,30.0,15.0,16.0,,,,neginfo,,,,14400.0,10556.0,11581.0,3530.0,,,,,1042.0,1,50.0,healthy,50,150.0,16.0,,0,40.0,,1,2,3,,0.0,1.0,5.0,0.0,1.0,0.880796936729369,38.25,10.0,3.0,,,,neginfo,,,,1265.0,4202.0,3182.0,1860.0,,,,,,0,0.0,ill,50,97.0,3.0,,1,20.0,,1,3,3,,0.0,0.0,3.0,1.0,2.0,0.3893608380189251,25.0,30.0,21.0,,,,neginfo,,,,1567.0,9557.0,2160.0,825.0,,,,,,0,0.0,ill,50,79.0,21.0,,1,80.0,,1,4,3,,0.0,1.0,6.0,0.0,5.0,0.6341355051774819,43.0,27.0,10.0,,,,neginfo,,,,10448.0,2887.0,2892.0,1231.0,,,,,,0,0.0,ill,50,90.0,10.0,579.5,1,100.0,5.79,1,5,3,,0.0,1,1
4,f0eh3vy9,6266b0409582f553a3e10d9a,0,46,46,final_screen,MyPage,2022-12-17 14:09:30.326117,1,,,524.0,20.0,30.0,0,16,38,440.0,3,10,1,0,0,1,20,40,60,100,80,en,posinfo,50,rv8l9v05,,,,,0,theexperiment,0.0,0.01,4,,0.0,en,53.0,0,,0,,8,,6,,1.0,1,,0,,2,,5,,3,,5,,3,,,,3,,20.0,30.0,0,0,1,1,0,1,1,1,1,1,1,0,0,0,0,0,0,0,1,1,0,1,1,1,1,16.0,16.0,16.0,20.0,20.0,16.0,38.0,38.0,38.0,38.0,1,1,1,1,1,1,0,0,0,0,0,0,0,0,0,0,1,1,1,1,24.0,24.0,24.0,24.0,24.0,24.0,2.0,2.0,2.0,2.0,,,,,,,1,1,4,,0.0,1.0,7.8731,1.0,8.0,0.3220395695513543,26.0,5.0,19.0,,,,posinfo,,,,17302.0,13762.0,11509.0,34861.0,,1972.0,,35278.0,3108.0,1,50.0,ill,50,130.0,19.0,,0,20.0,,1,1,4,,0.0,0.0,10.0,0.0,9.0,0.3658644948225181,32.25,20.0,31.0,,,,posinfo,,,,6187.0,4904.0,5173.0,3810.0,,1265.0,,3754.0,4858.0,1,50.0,healthy,50,150.0,31.0,,0,40.0,,1,2,4,,0.0,1.0,5.0,0.0,1.0,0.880796936729369,50.0,45.0,16.0,,,,posinfo,,,,,,,,,,,,,0,0.0,ill,50,84.0,16.0,,1,60.0,,1,3,4,,0.0,0.0,3.0,1.0,2.0,0.3893608380189251,85.5,100.0,44.0,,,,posinfo,,,,,,,,,,,,,0,0.0,ill,50,56.0,44.0,,1,100.0,,1,4,4,,0.0,1.0,6.0,0.0,5.0,0.6341355051774819,79.5,80.0,80.0,,,,posinfo,,,,,,,,,,,,,0,0.0,healthy,50,20.0,80.0,524.0,1,80.0,5.24,1,5,4,,0.0,1,1
5,93fgxxel,614a4492903df4380cb1a0c2,0,46,46,final_screen,MyPage,2022-12-17 14:09:34.766719,1,,,632.0,0.0,50.0,0,16,20,546.0,2,3,1,1,0,1,40,60,100,80,20,en,baseline,50,rv8l9v05,,,,,0,theexperiment,0.0,0.01,5,,0.0,en,52.0,0,,0,,6,,5,,1.0,1,,0,,0,,0,,1,,3,,5,,,,3,,0.0,50.0,0,0,1,1,1,1,1,1,1,1,1,1,0,0,0,0,0,0,1,0,0,0,1,1,1,16.0,16.0,16.0,20.0,16.0,16.0,16.0,38.0,38.0,38.0,1,1,1,1,1,1,1,0,0,0,0,0,1,0,1,1,0,0,1,1,24.0,24.0,20.0,24.0,20.0,20.0,24.0,39.0,2.0,2.0,,,,,,,1,1,5,,0.0,1.0,7.8731,1.0,8.0,0.3220395695513543,50.0,20.0,17.0,,,,baseline,,,,13509.0,8321.0,7388.0,6074.0,5887.0,1637.0,,15850.0,5070.0,0,0.0,healthy,50,83.0,17.0,,1,40.0,,1,1,5,,0.0,0.0,10.0,0.0,9.0,0.3658644948225181,25.0,15.0,21.0,,,,baseline,,,,3901.0,3841.0,2717.0,4632.0,,,,731.0,,0,0.0,healthy,50,100.0,21.0,,0,60.0,,1,2,5,,0.0,1.0,5.0,0.0,1.0,0.880796936729369,80.0,70.0,33.0,,,,baseline,,,,4116.0,4314.0,2936.0,4350.0,,,,,,1,50.0,ill,50,117.0,33.0,,1,100.0,,1,3,5,,0.0,0.0,3.0,1.0,2.0,0.3893608380189251,40.0,25.0,54.0,,,,baseline,,,,1943.0,2634.0,1401.0,1297.0,,,,,,1,50.0,healthy,50,150.0,54.0,,0,80.0,,1,4,5,,0.0,1.0,6.0,0.0,5.0,0.6341355051774819,85.0,15.0,4.0,,,,baseline,,,,1382.0,1299.0,1612.0,1221.0,,,,,,0,0.0,ill,50,96.0,4.0,632.0,1,20.0,6.32,1,5,5,,0.0,1,1
6,ixdbf27k,62fc9f0a3186ccfb69e7d528,0,46,46,final_screen,MyPage,2022-12-17 14:09:35.984417,1,,,739.0,33.0,99.5,1,16,16,607.0,2,4,1,1,0,0,100,80,60,20,40,en,baseline,50,rv8l9v05,,,,,0,theexperiment,0.0,0.01,6,,0.0,en,57.0,0,,0,,9,,4,,2.0,1,,0,,3,,3,,9,,8,,7,,,,6,,33.0,99.5,1,0,0,1,1,1,1,1,1,0,0,0,0,0,0,0,0,0,1,0,1,1,1,1,1,16.0,16.0,16.0,20.0,1.0,38.0,38.0,38.0,38.0,38.0,1,1,1,1,1,1,0,0,0,0,0,1,0,0,0,1,1,1,1,1,24.0,20.0,24.0,24.0,24.0,20.0,2.0,2.0,2.0,2.0,,,,,,,1,1,6,,0.0,1.0,2.0,1.0,4.0,0.26894155362156696,30.0,25.0,85.0,,,,baseline,,,,18656.0,16205.0,13088.0,9327.0,5880.0,1599.0,,15648.0,3159.0,1,50.0,healthy,50,150.0,85.0,,0,100.0,,1,1,6,,0.0,0.0,1.0,0.0,7.0,0.05732427767583096,15.0,10.0,75.0,,,,baseline,,,,2321.0,4039.0,6638.0,3167.0,4758.0,1520.0,,1496.0,752.0,1,50.0,healthy,50,150.0,75.0,,0,80.0,,1,2,6,,0.0,0.0,7.8809,1.0,7.0,0.27057951875770403,13.0,10.0,59.0,,,,baseline,,,,3232.0,5216.0,2416.0,2888.0,,,,,,0,0.0,healthy,50,100.0,59.0,,0,60.0,,1,3,6,,0.0,1.0,4.0,1.0,1.0,0.7407747635559568,64.0,9.0,3.0,,,,baseline,,,,1191.0,4008.0,2664.0,4599.0,,,,,,0,0.0,ill,50,97.0,3.0,,1,20.0,,1,4,6,,0.0,0.0,7.0,1.0,4.0,0.5124973880813042,61.0,20.0,38.0,,,,baseline,,,,5057.0,11591.0,3438.0,10839.0,,913.0,,752.0,649.0,1,50.0,ill,50,110.0,38.0,738.5,0,40.0,7.38,1,5,6,,0.0,1,1
7,ym2jnmic,5f6388c21b14c5079764e750,0,46,46,final_screen,MyPage,2022-12-17 14:09:38.609117,1,,,655.0,25.0,25.0,0,38,38,554.0,10,6,0,0,1,1,40,100,80,60,20,en,posinfo,50,rv8l9v05,,,,,0,theexperiment,0.0,0.01,7,,0.0,en,33.0,0,,0,,7,,2,,1.0,-1,,0,,1,,4,,5,,3,,1,,,,4,,25.0,25.0,0,1,1,0,0,1,1,1,1,1,1,1,0,0,0,0,0,0,0,1,1,1,0,0,1,16.0,16.0,16.0,16.0,20.0,20.0,20.0,1.0,1.0,38.0,1,1,1,1,1,0,0,0,0,0,0,0,0,1,0,1,1,1,1,1,24.0,24.0,24.0,20.0,24.0,2.0,2.0,2.0,2.0,2.0,,,,,,,1,1,7,,0.0,1.0,2.0,1.0,4.0,0.26894155362156696,36.0,15.0,8.0,,,,posinfo,,,,26195.0,53578.0,52779.0,77287.0,,1881.0,,15822.0,1339.0,1,50.0,healthy,50,142.0,8.0,,1,40.0,,1,1,7,,0.0,0.0,1.0,0.0,7.0,0.05732427767583096,45.0,45.0,33.0,,,,posinfo,,,,8605.0,9028.0,11308.0,64546.0,,,,,,0,0.0,healthy,50,67.0,33.0,,1,100.0,,1,2,7,,0.0,0.0,7.8809,1.0,7.0,0.27057951875770403,18.0,25.0,34.0,,,,posinfo,,,,3461.0,7010.0,12320.0,22930.0,,,,,,1,50.0,healthy,50,150.0,34.0,,0,80.0,,1,3,7,,0.0,1.0,4.0,1.0,1.0,0.7407747635559568,25.0,20.0,5.0,,,,posinfo,,,,1310.0,6378.0,6179.0,31355.0,,,,,,0,0.0,healthy,50,95.0,5.0,,1,60.0,,1,4,7,,0.0,0.0,7.0,1.0,4.0,0.5124973880813042,30.0,10.0,15.0,,,,posinfo,,,,3997.0,2502.0,3383.0,25146.0,,,,,,0,0.0,healthy,50,100.0,15.0,655.0,0,20.0,6.55,1,5,7,,0.0,1,1
8,e5r7rkhi,5f6b027e6eae971e2fa13594,0,46,46,final_screen,MyPage,2022-12-17 14:09:39.412930,1,,,429.0,20.0,30.0,0,16,38,345.0,2,10,1,0,0,1,80,100,20,60,40,en,neginfo,50,rv8l9v05,,,,,0,theexperiment,0.0,0.01,8,,0.0,en,34.0,0,,0,,8,,2,,1.0,0,,0,,5,,8,,6,,5,,5,,,,7,,20.0,30.0,0,0,1,1,0,1,1,1,1,1,1,1,1,0,0,0,0,0,1,0,1,1,1,0,1,16.0,16.0,16.0,20.0,16.0,20.0,20.0,20.0,1.0,38.0,1,1,1,0,0,0,0,0,0,0,0,0,0,0,1,0,1,1,1,1,24.0,24.0,24.0,39.0,2.0,39.0,2.0,2.0,2.0,2.0,,,,,,,1,1,8,,0.0,1.0,2.0,1.0,4.0,0.26894155362156696,50.0,15.0,25.0,,,,neginfo,,,,39525.0,28596.0,15075.0,12937.0,,1120.0,,6047.0,1159.0,0,0.0,ill,50,20.0,25.0,,0,80.0,,1,1,8,,0.0,0.0,1.0,0.0,7.0,0.05732427767583096,35.0,10.0,33.0,,,,neginfo,,,,8823.0,9274.0,5661.0,4099.0,,,,,,0,0.0,ill,50,0.0,33.0,,0,100.0,,1,2,8,,0.0,0.0,7.8809,1.0,7.0,0.27057951875770403,65.25,20.0,13.0,,,,neginfo,,,,4732.0,4186.0,1259.0,1060.0,,,,,,0,0.0,healthy,50,87.0,13.0,,1,20.0,,1,3,8,,0.0,1.0,4.0,1.0,1.0,0.7407747635559568,70.0,40.0,22.0,,,,neginfo,,,,1560.0,4247.0,1524.0,1050.0,,,,,,1,50.0,ill,50,128.0,22.0,,1,60.0,,1,4,8,,0.0,0.0,7.0,1.0,4.0,0.5124973880813042,60.0,20.0,29.0,,,,neginfo,,,,891.0,3394.0,2935.0,1653.0,,,,,,1,50.0,ill,50,110.0,29.0,429.0,0,40.0,4.29,1,5,8,,0.0,1,1
9,qu3yj4pm,5e39dfdc54fca708912dfab5,0,46,46,final_screen,MyPage,2022-12-17 14:09:43.591680,1,,,523.0,25.0,25.0,0,38,20,440.0,8,6,0,1,1,1,20,100,40,60,80,en,varinfo,50,rv8l9v05,,,,,0,theexperiment,0.0,0.01,9,,0.0,en,59.0,0,,0,,8,,5,,2.0,1,,0,,6,,8,,7,,5,,0,,,,6,,25.0,25.0,0,1,1,0,1,1,1,1,1,1,0,0,0,0,0,0,0,1,0,0,0,1,1,1,1,16.0,16.0,20.0,16.0,16.0,1.0,38.0,38.0,38.0,38.0,1,1,1,1,1,1,0,0,0,0,0,1,0,0,0,1,1,1,0,1,24.0,20.0,24.0,24.0,24.0,20.0,2.0,2.0,39.0,2.0,,,,,,,1,1,9,,0.0,1.0,2.0,1.0,4.0,0.26894155362156696,20.0,5.0,20.0,,,,varinfo,,,,74.0,,,,,,,,6279.0,1,50.0,healthy,50,150.0,20.0,,0,20.0,,1,1,9,,0.0,0.0,1.0,0.0,7.0,0.05732427767583096,20.0,2.0,69.0,,,,varinfo,,,,4248.0,4982.0,6241.0,6677.0,,,,,,0,0.0,ill,50,0.0,69.0,,0,100.0,,1,2,9,,0.0,0.0,7.8809,1.0,7.0,0.27057951875770403,25.0,0.0,8.0,,,,varinfo,,,,630.0,,92.0,686.0,,,,,742.0,1,50.0,healthy,50,150.0,8.0,,0,40.0,,1,3,9,,0.0,1.0,4.0,1.0,1.0,0.7407747635559568,25.0,0.0,28.0,,,,varinfo,,,,,,,,,,,,,0,0.0,ill,50,40.0,28.0,,0,60.0,,1,4,9,,0.0,0.0,7.0,1.0,4.0,0.5124973880813042,10.0,0.0,77.0,,,,varinfo,,,,5733.0,5893.0,4600.0,2457.0,,,,,,0,0.0,healthy,50,100.0,77.0,523.0,0,80.0,5.23,1,5,9,,0.0,1,1
10,gqozzs8n,5987030cfd8cca00015cbc26,0,46,46,final_screen,MyPage,2022-12-17 14:09:48.865938,1,,,812.0,30.0,95.0,1,38,38,641.0,6,4,0,0,1,1,60,20,80,100,40,en,fullinfo,50,rv8l9v05,,,,,0,theexperiment,0.0,0.01,10,,0.0,en,58.0,1,,1,,6,,1,,1.0,1,,1,,0,,9,,4,,6,,8,,,,8,,30.0,95.0,1,1,1,0,0,1,1,1,0,0,0,0,0,0,0,0,0,1,0,1,1,0,1,1,1,16.0,16.0,20.0,1.0,38.0,38.0,1.0,38.0,38.0,38.0,1,1,1,0,0,0,0,0,0,0,0,0,1,1,1,1,1,1,1,1,24.0,24.0,20.0,2.0,2.0,2.0,2.0,2.0,2.0,2.0,,,,,,,1,1,10,,0.0,1.0,2.0,1.0,4.0,0.26894155362156696,27.0,15.0,17.0,,,,fullinfo,,,,33561.0,27891.0,28714.0,5167.0,4450.0,1058.0,,5330.0,10213.0,1,50.0,ill,50,90.0,17.0,,0,60.0,,1,1,10,,0.0,0.0,1.0,0.0,7.0,0.05732427767583096,5.5,9.0,15.0,,,,fullinfo,,,,4548.0,3338.0,,,5071.0,,,,,1,50.0,ill,50,130.0,15.0,,0,20.0,,1,2,10,,0.0,0.0,7.8809,1.0,7.0,0.27057951875770403,27.5,14.0,48.0,,,,fullinfo,,,,2238.0,,4257.0,,2324.0,,,,7224.0,1,50.0,healthy,50,150.0,48.0,,0,80.0,,1,3,10,,0.0,1.0,4.0,1.0,1.0,0.7407747635559568,74.5,40.0,41.0,,,,fullinfo,,,,,,,,7205.0,4515.0,,10807.0,,1,50.0,healthy,50,150.0,41.0,,0,100.0,,1,4,10,,0.0,0.0,7.0,1.0,4.0,0.5124973880813042,51.25,29.0,29.0,,,,fullinfo,,,,,,2262.0,13219.0,2397.0,,,,,1,50.0,healthy,50,121.0,29.0,812.0,1,40.0,8.12,1,5,10,,0.0,1,1
11,ja619a97,60f192e1477c5ed33515724a,0,46,46,final_screen,MyPage,2022-12-17 14:09:51.479547,1,,,485.0,0.0,50.0,1,16,38,381.0,4,10,1,0,0,1,60,80,40,100,20,en,neginfo,50,rv8l9v05,,,,,0,theexperiment,0.0,0.01,11,,0.0,en,26.0,1,,0,,5,,2,,1.0,1,,1,,2,,5,,6,,3,,3,,,,3,,0.0,50.0,1,0,1,1,0,1,1,1,1,0,0,0,0,0,0,0,0,1,0,1,1,0,1,1,1,16.0,16.0,20.0,16.0,38.0,38.0,1.0,38.0,38.0,38.0,1,1,1,1,0,0,0,0,0,0,0,0,1,1,0,1,1,1,1,1,24.0,24.0,20.0,20.0,39.0,2.0,2.0,2.0,2.0,2.0,,,,,,,1,1,11,,0.0,0.0,4.0,0.0,6.0,0.21416516412573436,50.75,30.0,40.0,,,,neginfo,,,,48193.0,910.0,,7051.0,,1228.0,,5170.0,3079.0,0,0.0,ill,50,40.0,40.0,,0,60.0,,1,1,11,,0.0,1.0,9.0,1.0,5.0,0.731058446378433,41.0,49.0,12.0,,,,neginfo,,,,,,,,,,,,5399.0,0,0.0,ill,50,88.0,12.0,,1,80.0,,1,2,11,,0.0,1.0,8.0,0.0,5.0,0.7772997156254003,44.0,21.0,28.0,,,,neginfo,,,,9858.0,14565.0,5428.0,8105.0,,,,,,0,0.0,healthy,50,100.0,28.0,,0,40.0,,1,3,11,,0.0,0.0,3.2938,1.0,4.0,0.22319055523731496,66.75,72.0,39.0,,,,neginfo,,,,1351.0,27062.0,5308.0,3491.0,,,,,,0,0.0,healthy,50,61.0,39.0,,1,100.0,,1,4,11,,0.0,0.0,4.0,1.0,3.0,0.36586449482251804,79.5,15.0,8.0,,,,neginfo,,,,8430.0,10982.0,3105.0,6771.0,,1222.0,,96.0,2459.0,0,0.0,healthy,50,92.0,8.0,485.0,1,20.0,4.85,1,5,11,,0.0,1,1
12,rbix6hdd,5967e9a831394d0001abdb3f,0,46,46,final_screen,MyPage,2022-12-17 14:09:52.118322,1,,,550.0,20.0,30.0,0,20,16,484.0,10,7,1,1,1,0,100,40,20,80,60,en,posinfo,50,rv8l9v05,,,,,0,theexperiment,0.0,0.01,12,,0.0,en,58.0,1,,0,,7,,4,,2.0,-1,,0,,0,,2,,2,,3,,2,,,,3,,20.0,30.0,0,1,0,1,1,0,1,1,1,1,1,1,1,1,1,0,0,0,1,0,1,1,1,1,1,1.0,16.0,16.0,20.0,16.0,20.0,20.0,20.0,20.0,20.0,0,0,1,1,1,1,1,1,1,1,0,1,1,0,0,0,0,1,1,1,39.0,2.0,20.0,24.0,24.0,24.0,24.0,20.0,20.0,20.0,,,,,,,1,1,12,,0.0,0.0,4.0,0.0,6.0,0.21416516412573436,36.25,15.0,29.0,,,,posinfo,,,,150.0,,,,,153.0,,,,0,0.0,healthy,50,100.0,29.0,,0,100.0,,1,1,12,,0.0,1.0,9.0,1.0,5.0,0.731058446378433,39.25,20.0,7.0,,,,posinfo,,,,,,,,,,,,153.0,0,0.0,ill,50,93.0,7.0,,1,40.0,,1,2,12,,0.0,1.0,8.0,0.0,5.0,0.7772997156254003,25.0,7.0,4.0,,,,posinfo,,,,,,,,,,,,,0,0.0,ill,50,96.0,4.0,,1,20.0,,1,3,12,,0.0,0.0,3.2938,1.0,4.0,0.22319055523731496,71.5,42.0,79.0,,,,posinfo,,,,,,,,,,,,,0,0.0,healthy,50,100.0,79.0,,0,80.0,,1,4,12,,0.0,0.0,4.0,1.0,3.0,0.36586449482251804,51.0,21.0,5.0,,,,posinfo,,,,,,,,,,,,,0,0.0,ill,50,95.0,5.0,550.0,1,60.0,5.5,1,5,12,,0.0,1,1
13,9w4lrwyl,5eeb58ec4c86582a76ff55ec,0,46,46,final_screen,MyPage,2022-12-17 14:09:52.412681,1,,,540.0,5.0,45.0,0,16,20,459.0,2,10,1,1,0,1,80,100,20,60,40,en,baseline,50,rv8l9v05,,,,,0,theexperiment,0.0,0.01,13,,0.0,en,26.0,1,,1,,7,,4,,1.5,1,,-1,,0,,5,,2,,1,,1,,,,4,,5.0,45.0,0,0,1,1,1,1,1,1,0,0,0,0,0,0,0,0,0,0,0,1,0,1,1,1,1,16.0,16.0,16.0,1.0,38.0,1.0,38.0,38.0,38.0,38.0,1,1,1,1,1,1,1,1,1,1,0,0,1,0,1,0,0,1,1,1,24.0,24.0,20.0,24.0,20.0,24.0,24.0,20.0,20.0,20.0,,,,,,,1,1,13,,0.0,0.0,4.0,0.0,6.0,0.21416516412573436,31.75,60.0,9.0,,,,baseline,,,,4283.0,,,216.0,81.0,2653.0,,12556.0,8256.0,0,0.0,healthy,50,91.0,9.0,,1,80.0,,1,1,13,,0.0,1.0,9.0,1.0,5.0,0.731058446378433,69.0,100.0,81.0,,,,baseline,,,,632.0,,,,,88.0,,86.0,125.0,1,50.0,ill,50,69.0,81.0,,1,100.0,,1,2,13,,0.0,1.0,8.0,0.0,5.0,0.7772997156254003,44.5,10.0,16.0,,,,baseline,,,,1892.0,,,,,,,,,0,0.0,ill,50,80.0,16.0,,0,20.0,,1,3,13,,0.0,0.0,3.2938,1.0,4.0,0.22319055523731496,32.25,39.0,24.0,,,,baseline,,,,1671287061156.0,,,,,624.0,,992.0,2964.0,1,50.0,healthy,50,126.0,24.0,,1,60.0,,1,4,13,,0.0,0.0,4.0,1.0,3.0,0.36586449482251804,71.75,40.0,7.0,,,,baseline,,,,,,,,,,,,,0,0.0,ill,50,93.0,7.0,540.0,1,40.0,5.4,1,5,13,,0.0,1,1
14,rwsde43k,5c86d8c5332a8d0001e9577a,0,46,46,final_screen,MyPage,2022-12-17 14:09:54.317162,1,,,581.0,0.5,49.5,0,38,16,477.0,9,2,0,1,1,0,80,20,60,40,100,en,fullinfo,50,rv8l9v05,,,,,0,theexperiment,0.0,0.01,14,,0.0,en,48.0,1,,0,,8,,5,,1.0,1,,1,,3,,6,,6,,6,,0,,,,5,,0.5,49.5,0,1,0,0,1,0,0,0,0,0,0,0,0,0,0,0,1,0,0,1,1,1,1,1,1,1.0,38.0,1.0,1.0,38.0,38.0,38.0,38.0,38.0,38.0,1,1,1,1,1,1,1,1,1,1,1,0,0,0,1,0,0,1,1,1,20.0,24.0,24.0,24.0,20.0,24.0,24.0,20.0,20.0,20.0,,,,,,,1,1,14,,0.0,0.0,4.0,0.0,6.0,0.21416516412573436,62.25,14.0,53.0,,,,fullinfo,,,,3374.0,3207.0,1334.0,667.0,2475.0,1527.0,,4297.0,10099.0,0,0.0,healthy,50,100.0,53.0,,0,80.0,,1,1,14,,0.0,1.0,9.0,1.0,5.0,0.731058446378433,51.5,5.0,6.0,,,,fullinfo,,,,,,,,,,,,,0,0.0,ill,50,80.0,6.0,,0,20.0,,1,2,14,,0.0,1.0,8.0,0.0,5.0,0.7772997156254003,54.0,11.0,3.0,,,,fullinfo,,,,,,,,,875.0,,5194.0,1594.0,0,0.0,ill,50,97.0,3.0,,1,60.0,,1,3,14,,0.0,0.0,3.2938,1.0,4.0,0.22319055523731496,30.25,5.0,23.0,,,,fullinfo,,,,963.0,,,,,,,,,1,50.0,healthy,50,150.0,23.0,,0,40.0,,1,4,14,,0.0,0.0,4.0,1.0,3.0,0.36586449482251804,40.75,40.0,83.0,,,,fullinfo,,,,,,,,,,,,,1,50.0,ill,50,50.0,83.0,580.5,0,100.0,5.8,1,5,14,,0.0,1,1
15,f1j956sq,5c321ebf6558270001bd79aa,0,46,46,final_screen,MyPage,2022-12-17 14:09:59.267769,1,,,687.0,33.0,17.0,0,38,20,612.0,10,7,0,1,1,1,20,80,40,100,60,en,varinfo,50,rv8l9v05,,,,,0,theexperiment,0.0,0.01,15,,0.0,en,42.0,0,,1,,8,,5,,1.0,-1,,1,,1,,7,,4,,3,,6,,,,4,,33.0,17.0,0,1,1,0,1,1,1,1,1,1,1,0,0,0,0,0,0,0,0,0,0,1,1,1,1,16.0,16.0,16.0,16.0,16.0,16.0,38.0,38.0,38.0,38.0,1,1,1,1,1,1,1,0,0,0,1,0,0,0,1,1,1,1,0,1,20.0,24.0,24.0,24.0,20.0,20.0,20.0,2.0,39.0,2.0,,,,,,,1,1,15,,0.0,0.0,4.0,0.0,6.0,0.21416516412573436,35.5,7.0,19.0,,,,varinfo,,,,11108.0,8559.0,1119.0,8431.0,,2518.0,,14677.0,1919.0,0,0.0,healthy,50,100.0,19.0,,0,20.0,,1,1,15,,0.0,1.0,9.0,1.0,5.0,0.731058446378433,65.25,30.0,26.0,,,,varinfo,,,,9887.0,7424.0,8784.0,7968.0,,,,,,1,50.0,ill,50,124.0,26.0,,1,80.0,,1,2,15,,0.0,1.0,8.0,0.0,5.0,0.7772997156254003,86.75,19.0,12.0,,,,varinfo,,,,7448.0,5432.0,10383.0,1984.0,,,,,,1,50.0,ill,50,138.0,12.0,,1,40.0,,1,3,15,,0.0,0.0,3.2938,1.0,4.0,0.22319055523731496,21.25,4.0,87.0,,,,varinfo,,,,5912.0,5927.0,9215.0,2464.0,,,,,,1,50.0,healthy,50,150.0,87.0,,0,100.0,,1,4,15,,0.0,0.0,4.0,1.0,3.0,0.36586449482251804,20.75,5.0,9.0,,,,varinfo,,,,1927.0,1127.0,1186.0,1608.0,,,,,,0,0.0,healthy,50,100.0,9.0,687.0,0,60.0,6.87,1,5,15,,0.0,1,1
16,y6e7gpvl,5e35c2d04de45156d0c95d3f,0,46,46,final_screen,MyPage,2022-12-17 14:10:00.545875,1,,,469.0,10.0,65.0,1,16,16,372.0,6,3,1,1,0,0,100,40,80,60,20,en,varinfo,50,rv8l9v05,,,,,0,theexperiment,0.0,0.01,16,,0.0,en,55.0,1,,0,,6,,4,,1.0,0,,1,,0,,1,,2,,1,,1,,,,1,,10.0,65.0,1,0,0,1,1,1,1,1,1,1,1,1,1,1,0,1,0,1,0,0,0,0,1,1,1,20.0,16.0,20.0,16.0,16.0,16.0,16.0,20.0,20.0,38.0,1,1,1,1,1,1,1,0,0,0,0,0,0,0,0,0,0,1,1,1,24.0,24.0,24.0,24.0,24.0,24.0,24.0,2.0,2.0,2.0,,,,,,,1,1,16,,0.0,0.0,5.5,0.0,2.0,0.7359452599427667,49.0,30.0,80.0,,,,varinfo,,,,19831.0,22166.0,5793.0,17165.0,,1328.0,,15788.0,3560.0,0,0.0,ill,50,0.0,80.0,,0,100.0,,1,1,16,,0.0,1.0,3.0,1.0,3.15637,0.43281716667711356,54.5,20.0,19.0,,,,varinfo,,,,4711.0,2704.0,1528.0,1280.0,,799.0,,2014.0,1672.0,0,0.0,healthy,50,81.0,19.0,,1,40.0,,1,2,16,,0.0,0.0,5.0,1.0,10.0,0.03389523794928889,40.0,32.0,17.0,,,,varinfo,,,,5735.0,4375.0,4927.0,3960.0,,1015.0,,1920.0,1792.0,0,0.0,healthy,50,83.0,17.0,,1,80.0,,1,3,16,,0.0,1.0,2.0,0.0,1.0,0.7211150495107443,71.5,33.0,22.0,,,,varinfo,,,,3841.0,2919.0,3246.0,4047.0,,1095.0,,1423.0,880.0,1,50.0,ill,50,128.0,22.0,,1,60.0,,1,4,16,,0.0,1.0,9.0,0.0,0.0,0.9791636026454348,69.0,10.0,11.0,,,,varinfo,,,,2329.0,6014.0,1576.0,3009.0,,,,,1416.0,0,0.0,ill,50,80.0,11.0,469.0,0,20.0,4.69,1,5,16,,0.0,1,1
17,x0yhuq19,634b26ce0aaab507fa36b71c,0,46,46,final_screen,MyPage,2022-12-17 14:10:06.747250,1,,,521.0,40.0,10.0,0,16,16,479.0,3,3,1,1,0,0,80,100,60,40,20,en,baseline,50,rv8l9v05,,,,,0,theexperiment,0.0,0.01,17,,0.0,en,27.0,1,,0,,5,,2,,1.0,-1,,0,,0,,5,,5,,0,,0,,,,3,,40.0,10.0,0,0,0,1,1,0,0,1,1,1,1,1,1,1,1,0,1,0,1,1,1,1,1,1,1,1.0,38.0,16.0,20.0,20.0,20.0,20.0,20.0,20.0,20.0,1,1,1,0,0,0,0,0,0,0,0,0,0,0,0,0,1,1,1,1,24.0,24.0,24.0,39.0,39.0,39.0,2.0,2.0,2.0,2.0,,,,,,,1,1,17,,0.0,0.0,5.5,0.0,2.0,0.7359452599427667,45.0,75.0,22.0,,,,baseline,,,,63.0,46.0,28.0,44.0,17.0,5.0,,12.0,5.0,0,0.0,ill,50,78.0,22.0,,1,80.0,,1,1,17,,0.0,1.0,3.0,1.0,3.15637,0.43281716667711356,21.0,100.0,7.0,,,,baseline,,,,33.0,77.0,74.0,68.0,25.0,,,,,0,0.0,healthy,50,93.0,7.0,,1,100.0,,1,2,17,,0.0,0.0,5.0,1.0,10.0,0.03389523794928889,10.0,10.0,34.0,,,,baseline,,,,31.0,52.0,30.0,30.0,18.0,5.0,,9.0,12.0,1,50.0,healthy,50,150.0,34.0,,0,60.0,,1,3,17,,0.0,1.0,2.0,0.0,1.0,0.7211150495107443,26.0,32.0,37.0,,,,baseline,,,,168.0,199.0,210.0,189.0,35.0,,,,,0,0.0,ill,50,60.0,37.0,,0,40.0,,1,4,17,,0.0,1.0,9.0,0.0,0.0,0.9791636026454348,38.5,20.0,2.0,,,,baseline,,,,66.0,161.0,173.0,145.0,32.0,,,,,0,0.0,ill,50,98.0,2.0,521.0,1,20.0,5.21,1,5,17,,0.0,1,1
18,849lb0ui,5dcaca3084116a7965ef1fd4,0,46,46,final_screen,MyPage,2022-12-17 14:10:10.000277,1,,,485.0,50.0,0.0,0,20,16,449.0,1,2,1,1,1,0,60,80,100,40,20,en,neginfo,50,rv8l9v05,,,,,0,theexperiment,0.0,0.01,18,,0.0,en,30.0,1,,0,,6,,1,,1.0,1,,1,,0,,2,,1,,3,,0,,,,2,,50.0,0.0,0,1,0,1,1,1,1,1,1,1,1,1,1,0,0,1,0,0,0,0,0,1,0,1,1,20.0,16.0,16.0,16.0,16.0,16.0,20.0,16.0,38.0,38.0,1,1,1,1,1,1,1,1,1,1,0,0,0,1,1,0,1,1,1,1,24.0,24.0,24.0,20.0,20.0,24.0,20.0,20.0,20.0,20.0,,,,,,,1,1,18,,0.0,0.0,5.5,0.0,2.0,0.7359452599427667,15.0,60.0,5.0,,,,neginfo,,,,9577.0,9247.0,6957.0,4170.0,,6074.0,,,5656.0,0,0.0,ill,50,95.0,5.0,,1,60.0,,1,1,18,,0.0,1.0,3.0,1.0,3.15637,0.43281716667711356,50.0,80.0,18.0,,,,neginfo,,,,7773.0,4560.0,1738.0,712.0,,1148.0,,8987.0,1462.0,1,50.0,healthy,50,132.0,18.0,,1,80.0,,1,2,18,,0.0,0.0,5.0,1.0,10.0,0.03389523794928889,38.0,100.0,36.0,,,,neginfo,,,,15531.0,6228.0,1917.0,856.0,,,,,,0,0.0,healthy,50,64.0,36.0,,1,100.0,,1,3,18,,0.0,1.0,2.0,0.0,1.0,0.7211150495107443,50.0,40.0,30.0,,,,neginfo,,,,3973.0,3587.0,740.0,3272.0,,,,,,0,0.0,ill,50,70.0,30.0,,1,40.0,,1,4,18,,0.0,1.0,9.0,0.0,0.0,0.9791636026454348,50.0,20.0,12.0,,,,neginfo,,,,1671287269701.0,8928.0,2117.0,,,1929.0,,,,0,0.0,ill,50,88.0,12.0,485.0,1,20.0,4.85,1,5,18,,0.0,1,1
19,f101eo4w,5ef89ca507b0e3040299f1a3,0,46,46,final_screen,MyPage,2022-12-17 14:10:53.839207,1,,,381.0,20.0,80.0,1,20,1,280.0,9,2,1,0,1,0,100,60,20,40,80,en,posinfo,50,rv8l9v05,,,,,0,theexperiment,0.0,0.01,19,,0.0,en,40.0,1,,0,,6,,2,,1.0,0,,1,,2,,5,,3,,3,,2,,,,3,,20.0,80.0,1,1,0,1,0,0,0,0,0,0,1,1,1,1,1,0,0,1,0,0,1,1,1,1,1,1.0,1.0,38.0,1.0,1.0,20.0,20.0,20.0,20.0,20.0,0,0,0,0,0,0,0,0,0,0,1,0,0,0,0,0,0,0,1,1,2.0,39.0,39.0,39.0,39.0,39.0,39.0,39.0,2.0,2.0,,,,,,,1,1,19,,0.0,0.0,5.5,0.0,2.0,0.7359452599427667,40.0,20.0,29.0,,,,posinfo,,,,16890.0,11529.0,6979.0,6747.0,,1116.0,,3509.0,1553.0,0,0.0,ill,50,0.0,29.0,,0,100.0,,1,1,19,,0.0,1.0,3.0,1.0,3.15637,0.43281716667711356,30.5,25.0,51.0,,,,posinfo,,,,2336.0,2812.0,5985.0,2022.0,,,,,,0,0.0,healthy,50,100.0,51.0,,0,60.0,,1,2,19,,0.0,0.0,5.0,1.0,10.0,0.03389523794928889,89.0,14.0,17.0,,,,posinfo,,,,700.0,876.0,7164.0,2393.0,,,,,,0,0.0,healthy,50,100.0,17.0,,0,20.0,,1,3,19,,0.0,1.0,2.0,0.0,1.0,0.7211150495107443,6.75,3.0,5.0,,,,posinfo,,,,661.0,516.0,384.0,376.0,,,,,,0,0.0,ill,50,60.0,5.0,,0,40.0,,1,4,19,,0.0,1.0,9.0,0.0,0.0,0.9791636026454348,31.0,21.0,64.0,,,,posinfo,,,,757.0,489.0,350.0,324.0,,,,,,0,0.0,ill,50,20.0,64.0,381.0,0,80.0,3.81,1,5,19,,0.0,1,1
20,ellno8s3,566d5997d408ea00051a2a86,0,46,46,final_screen,MyPage,2022-12-17 14:11:07.192651,1,,,711.0,0.0,50.0,1,20,20,621.0,4,6,1,1,1,1,40,80,20,100,60,en,fullinfo,50,rv8l9v05,,,,,0,theexperiment,0.0,0.01,20,,0.0,en,38.0,0,,1,,7,,0,,0.0,1,,1,,0,,7,,3,,0,,5,,,,6,,0.0,50.0,1,1,1,1,1,1,1,1,1,0,0,0,0,0,0,0,0,1,1,1,1,0,1,1,1,16.0,16.0,20.0,20.0,38.0,38.0,1.0,38.0,38.0,38.0,1,1,1,1,1,1,1,1,1,0,0,0,1,0,1,1,0,1,1,1,24.0,24.0,20.0,24.0,20.0,20.0,24.0,20.0,20.0,2.0,,,,,,,1,1,20,,0.0,0.0,5.5,0.0,2.0,0.7359452599427667,73.5,29.0,18.0,,,,fullinfo,,,,5900.0,5069.0,3903.0,4454.0,,1107.0,,8422.0,5998.0,1,50.0,ill,50,132.0,18.0,,1,40.0,,1,1,20,,0.0,1.0,3.0,1.0,3.15637,0.43281716667711356,43.25,35.0,34.0,,,,fullinfo,,,,4693.0,971.0,965.0,655.0,23393.0,382.0,,3495.0,511.0,1,50.0,healthy,50,116.0,34.0,,1,80.0,,1,2,20,,0.0,0.0,5.0,1.0,10.0,0.03389523794928889,3.5,1.0,9.0,,,,fullinfo,,,,748.0,873.0,763.0,543.0,4685.0,,,,,1,50.0,healthy,50,150.0,9.0,,0,20.0,,1,3,20,,0.0,1.0,2.0,0.0,1.0,0.7211150495107443,72.0,73.0,39.0,,,,fullinfo,,,,,,,,844.0,,,,,1,50.0,ill,50,111.0,39.0,,1,100.0,,1,4,20,,0.0,1.0,9.0,0.0,0.0,0.9791636026454348,98.0,60.0,38.0,,,,fullinfo,,,,761.0,606.0,524.0,1523.0,2766.0,,,,,1,50.0,ill,50,112.0,38.0,711.0,1,60.0,7.11,1,5,20,,0.0,1,1
21,25vxzqee,572b912c3ab9df000dba9eef,0,46,46,final_screen,MyPage,2022-12-17 14:11:22.463497,1,,,493.0,30.0,20.0,0,16,16,441.0,1,4,1,1,0,0,100,60,80,40,20,en,baseline,50,rv8l9v05,,,,,0,theexperiment,0.0,0.01,21,,0.0,en,26.0,1,,0,,3,,0,,0.0,-1,,0,,7,,4,,2,,3,,7,,,,5,,30.0,20.0,0,0,0,1,1,1,1,1,1,1,1,0,0,0,0,0,0,0,1,1,1,0,1,1,1,16.0,16.0,16.0,20.0,20.0,20.0,1.0,38.0,38.0,38.0,1,1,1,1,1,1,0,0,0,0,0,1,0,0,0,1,1,1,1,1,24.0,20.0,24.0,24.0,24.0,20.0,2.0,2.0,2.0,2.0,,,,,,,1,1,21,,0.0,1.0,7.0,0.0,0.0,0.9589086383106238,87.0,75.0,61.0,,,,baseline,,,,8088.0,4034.0,3614.0,5082.0,3635.0,993.0,,7646.0,4946.0,1,50.0,ill,50,89.0,61.0,,1,100.0,,1,1,21,,0.0,1.0,6.0,0.0,1.0,0.912934101914502,75.25,35.0,16.0,,,,baseline,,,,1461.0,2092.0,1179.0,2212.0,1696.0,704.0,,108.0,513.0,0,0.0,ill,50,84.0,16.0,,1,60.0,,1,2,21,,0.0,0.0,6.0,1.0,3.0,0.5374298202606297,54.0,31.0,33.0,,,,baseline,,,,2164.0,2502.0,2305.0,1503.0,266.0,,,,,1,50.0,ill,50,70.0,33.0,,0,80.0,,1,3,21,,0.0,1.0,1.0,0.0,3.0,0.4255575325190061,76.0,29.0,33.0,,,,baseline,,,,661.0,2012.0,919.0,645.0,,,,,,0,0.0,healthy,50,100.0,33.0,,0,40.0,,1,4,21,,0.0,0.0,0.0,1.0,9.285,0.008340581468168747,27.0,5.0,2.0,,,,baseline,,,,636.0,810.0,965.0,1201.0,10376.0,,,,,0,0.0,healthy,50,98.0,2.0,493.0,1,20.0,4.93,1,5,21,,0.0,1,1
22,bw2cocq3,5ea3319a6a1a5b2a1175ed6e,0,46,46,final_screen,MyPage,2022-12-17 14:11:53.811578,1,,,412.0,10.0,40.0,0,1,1,370.0,8,5,0,0,0,0,40,20,100,60,80,en,varinfo,50,rv8l9v05,,,,,0,theexperiment,0.0,0.01,22,,0.0,en,72.0,0,,0,,7,,0,,0.0,1,,0,,0,,2,,1,,0,,3,,,,2,,10.0,40.0,0,0,0,0,0,1,1,1,1,1,1,0,0,0,0,0,1,1,1,0,1,1,0,1,1,16.0,20.0,20.0,20.0,16.0,20.0,38.0,1.0,38.0,38.0,1,1,1,1,0,0,0,0,0,0,0,0,1,1,0,0,1,1,1,1,24.0,24.0,20.0,20.0,39.0,39.0,2.0,2.0,2.0,2.0,,,,,,,1,1,22,,0.0,1.0,7.0,0.0,0.0,0.9589086383106238,47.75,15.0,13.0,,,,varinfo,,,,183.0,153.0,,,,154.0,,,187.0,0,0.0,ill,50,87.0,13.0,,1,40.0,,1,1,22,,0.0,1.0,6.0,0.0,1.0,0.912934101914502,20.0,10.0,6.0,,,,varinfo,,,,17594.0,23936.0,25817.0,18259.0,,,,,8431.0,0,0.0,ill,50,94.0,6.0,,1,20.0,,1,2,22,,0.0,0.0,6.0,1.0,3.0,0.5374298202606297,20.0,20.0,25.0,,,,varinfo,,,,9369.0,8332.0,9594.0,7535.0,,,,,,0,0.0,ill,50,0.0,25.0,,0,100.0,,1,3,22,,0.0,1.0,1.0,0.0,3.0,0.4255575325190061,30.25,25.0,11.0,,,,varinfo,,,,2769.0,6758.0,6302.0,6695.0,,,,,,0,0.0,healthy,50,89.0,11.0,,1,60.0,,1,4,22,,0.0,0.0,0.0,1.0,9.285,0.008340581468168747,29.25,20.0,46.0,,,,varinfo,,,,6033.0,9630.0,8451.0,15358.0,,,,,,0,0.0,healthy,50,100.0,46.0,412.0,0,80.0,4.12,1,5,22,,0.0,1,1
23,m6apoe6h,6130c7f7d0112fa23b17079c,0,46,46,final_screen,MyPage,2022-12-17 14:12:51.346464,1,,,526.0,0.0,50.0,0,38,38,400.0,10,9,0,0,1,1,80,60,20,100,40,en,neginfo,50,rv8l9v05,,,,,0,theexperiment,0.0,0.01,23,,0.0,en,23.0,1,,0,,4,,5,,0.5,1,,0,,0,,0,,1,,0,,2,,,,1,,0.0,50.0,0,1,1,0,0,1,1,1,1,1,1,1,1,0,0,0,1,1,0,1,1,0,1,1,1,16.0,20.0,20.0,16.0,20.0,20.0,16.0,20.0,38.0,38.0,1,1,1,1,1,1,1,0,0,0,0,0,0,1,0,1,1,1,1,1,24.0,24.0,24.0,20.0,24.0,20.0,20.0,2.0,2.0,2.0,,,,,,,1,1,23,,0.0,1.0,7.0,0.0,0.0,0.9589086383106238,72.5,40.0,64.0,,,,neginfo,,,,10325.0,4901.0,,,,1528.0,,,3390.0,0,0.0,ill,50,20.0,64.0,,0,80.0,,1,1,23,,0.0,1.0,6.0,0.0,1.0,0.912934101914502,71.5,45.0,3.0,,,,neginfo,,,,2609.0,2414.0,1653.0,1360.0,,,,,688.0,0,0.0,ill,50,97.0,3.0,,1,60.0,,1,2,23,,0.0,0.0,6.0,1.0,3.0,0.5374298202606297,74.0,10.0,4.0,,,,neginfo,,,,2657.0,1802.0,652.0,570.0,,,,,,0,0.0,ill,50,96.0,4.0,,1,20.0,,1,3,23,,0.0,1.0,1.0,0.0,3.0,0.4255575325190061,56.25,70.0,13.0,,,,neginfo,,,,3256.0,2351.0,2623.0,1548.0,,,,,,0,0.0,ill,50,87.0,13.0,,1,100.0,,1,4,23,,0.0,0.0,0.0,1.0,9.285,0.008340581468168747,34.25,24.0,26.0,,,,neginfo,,,,1993.0,2463.0,1485.0,1959.0,,,,,,0,0.0,healthy,50,100.0,26.0,526.0,0,40.0,5.26,1,5,23,,0.0,1,1
24,b6qilf6s,5f1e33e58d05fc3a189c6ab4,0,46,46,final_screen,MyPage,2022-12-17 14:14:53.526162,1,,,661.0,23.0,84.5,1,38,1,537.0,5,1,0,0,1,0,80,60,100,40,20,en,fullinfo,50,rv8l9v05,,,,,0,theexperiment,0.0,0.01,24,,0.0,en,23.0,1,,-1,,4,,0,,0.0,1,,-1,,0,,2,,0,,3,,5,,,,7,,23.0,84.5,1,1,0,0,0,1,1,1,1,0,0,0,0,0,0,1,0,0,0,1,0,1,1,1,1,20.0,16.0,16.0,16.0,38.0,1.0,38.0,38.0,38.0,38.0,0,0,0,0,1,1,1,1,1,1,0,0,0,0,1,1,1,1,1,1,39.0,39.0,39.0,39.0,20.0,20.0,20.0,20.0,20.0,20.0,,,,,,,1,1,24,,0.0,1.0,7.0,0.0,0.0,0.9589086383106238,96.0,18.0,36.0,,,,fullinfo,,,,1799.0,1400.0,149.0,3232.0,8911.0,1199.0,,1834.0,1801.0,1,50.0,ill,50,70.0,36.0,,0,80.0,,1,1,24,,0.0,1.0,6.0,0.0,1.0,0.912934101914502,91.25,60.0,38.0,,,,fullinfo,,,,,,,,2398.0,1448.0,,,,1,50.0,ill,50,112.0,38.0,,1,60.0,,1,2,24,,0.0,0.0,6.0,1.0,3.0,0.5374298202606297,53.75,95.0,95.0,,,,fullinfo,,,,,,,2233.0,2316.0,,,,1735.0,1,50.0,ill,50,55.0,95.0,,1,100.0,,1,3,24,,0.0,1.0,1.0,0.0,3.0,0.4255575325190061,42.5,0.0,9.0,,,,fullinfo,,,,,,,,2581.0,1035.0,,1031.0,1052.0,1,50.0,healthy,50,150.0,9.0,,0,40.0,,1,4,24,,0.0,0.0,0.0,1.0,9.285,0.008340581468168747,0.75,1.0,10.0,,,,fullinfo,,,,,,,,866.0,,,,2916.0,1,50.0,healthy,50,150.0,10.0,660.5,0,20.0,6.61,1,5,24,,0.0,1,1
25,yogtan8z,6346eab0d002c76732ac0a88,0,46,46,final_screen,MyPage,2022-12-17 14:20:12.762845,1,,,605.0,50.0,0.0,0,20,20,565.0,6,6,1,1,1,1,60,20,100,40,80,en,posinfo,50,rv8l9v05,,,,,0,theexperiment,0.0,0.01,25,,0.0,en,35.0,0,,0,,8,,1,,1.0,0,,0,,2,,2,,4,,3,,1,,,,2,,50.0,0.0,0,1,1,1,1,1,1,1,1,1,1,1,0,0,0,0,0,0,1,0,1,0,1,1,1,16.0,16.0,16.0,20.0,16.0,20.0,16.0,38.0,38.0,38.0,1,1,1,1,1,1,1,0,0,0,0,0,0,0,1,1,1,0,1,1,24.0,24.0,24.0,24.0,20.0,20.0,20.0,39.0,2.0,2.0,,,,,,,1,1,25,,0.0,1.0,7.0,0.0,0.0,0.9589086383106238,83.0,23.0,20.0,,,,posinfo,,,,18796.0,4476.0,9387.0,23957.0,,3256.0,,18541.0,5878.0,0,0.0,ill,50,80.0,20.0,,1,60.0,,1,1,25,,0.0,1.0,6.0,0.0,1.0,0.912934101914502,65.0,15.0,5.0,,,,posinfo,,,,2356.0,6330.0,11056.0,17659.0,,964.0,,16701.0,813.0,0,0.0,ill,50,95.0,5.0,,1,20.0,,1,2,25,,0.0,0.0,6.0,1.0,3.0,0.5374298202606297,50.0,33.0,10.0,,,,posinfo,,,,8862.0,6307.0,2974.0,2245.0,,715.0,,861.0,491.0,1,50.0,ill,50,140.0,10.0,,1,100.0,,1,3,25,,0.0,1.0,1.0,0.0,3.0,0.4255575325190061,21.5,5.0,37.0,,,,posinfo,,,,1236.0,2461.0,782.0,854.0,,431.0,,454.0,427.0,0,0.0,healthy,50,100.0,37.0,,0,40.0,,1,4,25,,0.0,0.0,0.0,1.0,9.285,0.008340581468168747,9.75,0.0,11.0,,,,posinfo,,,,605.0,542.0,6269.0,4046.0,,389.0,,309.0,356.0,1,50.0,healthy,50,150.0,11.0,605.0,0,80.0,6.05,1,5,25,,0.0,1,1
26,0vbfjgpr,,0,0,46,,,,0,,,0.0,,,,,,,,,,,,,,,,,,,baseline,50,rv8l9v05,,,,,0,theexperiment,0.0,0.01,26,,0.0,,,,,,,,,,,,,,,,,,,,,,,,,,,,,,,,,,,,,,,,,,,,,,,,,,,,,,,,,,,,,,,,,,,,,,,,,,,,,,,,,,,,,,,,,,,,,,,,,,,,,,,1,1,26,,0.0,1.0,2.0,1.0,4.0,0.26894155362156696,,,,,,,baseline,,,,,,,,,,,,,,,,,,,,,,,1,1,26,,0.0,0.0,1.0,0.0,7.0,0.05732427767583096,,,,,,,,,,,,,,,,,,,,,,,,,,,,,,1,2,26,,0.0,1.0,5.0,0.0,1.0,0.880796936729369,,,,,,,,,,,,,,,,,,,,,,,,,,,,,,1,3,26,,0.0,0.0,3.2938,1.0,4.0,0.22319055523731496,,,,,,,,,,,,,,,,,,,,,,,,,,,,,,1,4,26,,0.0,0.0,0.0,1.0,9.285,0.008340581468168747,,,,,,,,,,,,,,,,,,,,,,,,,,,,,,1,5,26,,0.0,1,1
27,l7a4w9fm,,0,0,46,,,,0,,,0.0,,,,,,,,,,,,,,,,,,,posinfo,50,rv8l9v05,,,,,0,theexperiment,0.0,0.01,27,,0.0,,,,,,,,,,,,,,,,,,,,,,,,,,,,,,,,,,,,,,,,,,,,,,,,,,,,,,,,,,,,,,,,,,,,,,,,,,,,,,,,,,,,,,,,,,,,,,,,,,,,,,,1,1,27,,0.0,1.0,2.0,1.0,4.0,0.26894155362156696,,,,,,,posinfo,,,,,,,,,,,,,,,,,,,,,,,1,1,27,,0.0,0.0,10.0,0.0,9.0,0.3658644948225181,,,,,,,,,,,,,,,,,,,,,,,,,,,,,,1,2,27,,0.0,1.0,8.0,0.0,5.0,0.7772997156254003,,,,,,,,,,,,,,,,,,,,,,,,,,,,,,1,3,27,,0.0,0.0,3.2938,1.0,4.0,0.22319055523731496,,,,,,,,,,,,,,,,,,,,,,,,,,,,,,1,4,27,,0.0,1.0,9.0,0.0,0.0,0.9791636026454348,,,,,,,,,,,,,,,,,,,,,,,,,,,,,,1,5,27,,0.0,1,1
28,iflxtu5x,,0,0,46,,,,0,,,0.0,,,,,,,,,,,,,,,,,,,varinfo,50,rv8l9v05,,,,,0,theexperiment,0.0,0.01,28,,0.0,,,,,,,,,,,,,,,,,,,,,,,,,,,,,,,,,,,,,,,,,,,,,,,,,,,,,,,,,,,,,,,,,,,,,,,,,,,,,,,,,,,,,,,,,,,,,,,,,,,,,,,1,1,28,,0.0,1.0,7.8731,1.0,8.0,0.3220395695513543,,,,,,,varinfo,,,,,,,,,,,,,,,,,,,,,,,1,1,28,,0.0,0.0,1.0,0.0,7.0,0.05732427767583096,,,,,,,,,,,,,,,,,,,,,,,,,,,,,,1,2,28,,0.0,0.0,6.0,1.0,3.0,0.5374298202606297,,,,,,,,,,,,,,,,,,,,,,,,,,,,,,1,3,28,,0.0,1.0,2.0,0.0,1.0,0.7211150495107443,,,,,,,,,,,,,,,,,,,,,,,,,,,,,,1,4,28,,0.0,0.0,7.0,1.0,4.0,0.5124973880813042,,,,,,,,,,,,,,,,,,,,,,,,,,,,,,1,5,28,,0.0,1,1
29,bnrm9es8,,0,0,46,,,,0,,,0.0,,,,,,,,,,,,,,,,,,,neginfo,50,rv8l9v05,,,,,0,theexperiment,0.0,0.01,29,,0.0,,,,,,,,,,,,,,,,,,,,,,,,,,,,,,,,,,,,,,,,,,,,,,,,,,,,,,,,,,,,,,,,,,,,,,,,,,,,,,,,,,,,,,,,,,,,,,,,,,,,,,,1,1,29,,0.0,1.0,7.0,0.0,0.0,0.9589086383106238,,,,,,,neginfo,,,,,,,,,,,,,,,,,,,,,,,1,1,29,,0.0,0.0,10.0,0.0,9.0,0.3658644948225181,,,,,,,,,,,,,,,,,,,,,,,,,,,,,,1,2,29,,0.0,0.0,7.8809,1.0,7.0,0.27057951875770403,,,,,,,,,,,,,,,,,,,,,,,,,,,,,,1,3,29,,0.0,0.0,3.0,1.0,2.0,0.3893608380189251,,,,,,,,,,,,,,,,,,,,,,,,,,,,,,1,4,29,,0.0,1.0,9.0,0.0,0.0,0.9791636026454348,,,,,,,,,,,,,,,,,,,,,,,,,,,,,,1,5,29,,0.0,1,1
30,7lu5edg6,,0,0,46,,,,0,,,0.0,,,,,,,,,,,,,,,,,,,fullinfo,50,rv8l9v05,,,,,0,theexperiment,0.0,0.01,30,,0.0,,,,,,,,,,,,,,,,,,,,,,,,,,,,,,,,,,,,,,,,,,,,,,,,,,,,,,,,,,,,,,,,,,,,,,,,,,,,,,,,,,,,,,,,,,,,,,,,,,,,,,,1,1,30,,0.0,0.0,5.5,0.0,2.0,0.7359452599427667,,,,,,,fullinfo,,,,,,,,,,,,,,,,,,,,,,,1,1,30,,0.0,1.0,3.0,1.0,3.15637,0.43281716667711356,,,,,,,,,,,,,,,,,,,,,,,,,,,,,,1,2,30,,0.0,0.0,7.8809,1.0,7.0,0.27057951875770403,,,,,,,,,,,,,,,,,,,,,,,,,,,,,,1,3,30,,0.0,1.0,1.0,0.0,3.0,0.4255575325190061,,,,,,,,,,,,,,,,,,,,,,,,,,,,,,1,4,30,,0.0,1.0,6.0,0.0,5.0,0.6341355051774819,,,,,,,,,,,,,,,,,,,,,,,,,,,,,,1,5,30,,0.0,1,1
31,qxdvbnyc,,0,0,46,,,,0,,,0.0,,,,,,,,,,,,,,,,,,,fullinfo,50,rv8l9v05,,,,,0,theexperiment,0.0,0.01,31,,0.0,,,,,,,,,,,,,,,,,,,,,,,,,,,,,,,,,,,,,,,,,,,,,,,,,,,,,,,,,,,,,,,,,,,,,,,,,,,,,,,,,,,,,,,,,,,,,,,,,,,,,,,1,1,31,,0.0,0.0,5.5,0.0,2.0,0.7359452599427667,,,,,,,fullinfo,,,,,,,,,,,,,,,,,,,,,,,1,1,31,,0.0,1.0,3.0,1.0,3.15637,0.43281716667711356,,,,,,,,,,,,,,,,,,,,,,,,,,,,,,1,2,31,,0.0,1.0,5.0,0.0,1.0,0.880796936729369,,,,,,,,,,,,,,,,,,,,,,,,,,,,,,1,3,31,,0.0,1.0,1.0,0.0,3.0,0.4255575325190061,,,,,,,,,,,,,,,,,,,,,,,,,,,,,,1,4,31,,0.0,1.0,6.0,0.0,5.0,0.6341355051774819,,,,,,,,,,,,,,,,,,,,,,,,,,,,,,1,5,31,,0.0,1,1
32,et2c7pbx,,0,0,46,,,,0,,,0.0,,,,,,,,,,,,,,,,,,,baseline,50,rv8l9v05,,,,,0,theexperiment,0.0,0.01,32,,0.0,,,,,,,,,,,,,,,,,,,,,,,,,,,,,,,,,,,,,,,,,,,,,,,,,,,,,,,,,,,,,,,,,,,,,,,,,,,,,,,,,,,,,,,,,,,,,,,,,,,,,,,1,1,32,,0.0,1.0,2.0,1.0,4.0,0.26894155362156696,,,,,,,baseline,,,,,,,,,,,,,,,,,,,,,,,1,1,32,,0.0,1.0,9.0,1.0,5.0,0.731058446378433,,,,,,,,,,,,,,,,,,,,,,,,,,,,,,1,2,32,,0.0,0.0,5.0,1.0,10.0,0.03389523794928889,,,,,,,,,,,,,,,,,,,,,,,,,,,,,,1,3,32,,0.0,1.0,1.0,0.0,3.0,0.4255575325190061,,,,,,,,,,,,,,,,,,,,,,,,,,,,,,1,4,32,,0.0,1.0,9.0,0.0,0.0,0.9791636026454348,,,,,,,,,,,,,,,,,,,,,,,,,,,,,,1,5,32,,0.0,1,1
33,9v90tm2i,,0,0,46,,,,0,,,0.0,,,,,,,,,,,,,,,,,,,posinfo,50,rv8l9v05,,,,,0,theexperiment,0.0,0.01,33,,0.0,,,,,,,,,,,,,,,,,,,,,,,,,,,,,,,,,,,,,,,,,,,,,,,,,,,,,,,,,,,,,,,,,,,,,,,,,,,,,,,,,,,,,,,,,,,,,,,,,,,,,,,1,1,33,,0.0,1.0,7.0,0.0,0.0,0.9589086383106238,,,,,,,posinfo,,,,,,,,,,,,,,,,,,,,,,,1,1,33,,0.0,1.0,6.0,0.0,1.0,0.912934101914502,,,,,,,,,,,,,,,,,,,,,,,,,,,,,,1,2,33,,0.0,1.0,8.0,0.0,5.0,0.7772997156254003,,,,,,,,,,,,,,,,,,,,,,,,,,,,,,1,3,33,,0.0,0.0,3.2938,1.0,4.0,0.22319055523731496,,,,,,,,,,,,,,,,,,,,,,,,,,,,,,1,4,33,,0.0,0.0,7.0,1.0,4.0,0.5124973880813042,,,,,,,,,,,,,,,,,,,,,,,,,,,,,,1,5,33,,0.0,1,1
34,cfcxpi0t,,0,0,46,,,,0,,,0.0,,,,,,,,,,,,,,,,,,,varinfo,50,rv8l9v05,,,,,0,theexperiment,0.0,0.01,34,,0.0,,,,,,,,,,,,,,,,,,,,,,,,,,,,,,,,,,,,,,,,,,,,,,,,,,,,,,,,,,,,,,,,,,,,,,,,,,,,,,,,,,,,,,,,,,,,,,,,,,,,,,,1,1,34,,0.0,0.0,5.5,0.0,2.0,0.7359452599427667,,,,,,,varinfo,,,,,,,,,,,,,,,,,,,,,,,1,1,34,,0.0,0.0,10.0,0.0,9.0,0.3658644948225181,,,,,,,,,,,,,,,,,,,,,,,,,,,,,,1,2,34,,0.0,1.0,8.0,0.0,5.0,0.7772997156254003,,,,,,,,,,,,,,,,,,,,,,,,,,,,,,1,3,34,,0.0,0.0,3.2938,1.0,4.0,0.22319055523731496,,,,,,,,,,,,,,,,,,,,,,,,,,,,,,1,4,34,,0.0,0.0,4.0,1.0,3.0,0.36586449482251804,,,,,,,,,,,,,,,,,,,,,,,,,,,,,,1,5,34,,0.0,1,1
35,1pun7hn2,,0,0,46,,,,0,,,0.0,,,,,,,,,,,,,,,,,,,neginfo,50,rv8l9v05,,,,,0,theexperiment,0.0,0.01,35,,0.0,,,,,,,,,,,,,,,,,,,,,,,,,,,,,,,,,,,,,,,,,,,,,,,,,,,,,,,,,,,,,,,,,,,,,,,,,,,,,,,,,,,,,,,,,,,,,,,,,,,,,,,1,1,35,,0.0,0.0,5.5,0.0,2.0,0.7359452599427667,,,,,,,neginfo,,,,,,,,,,,,,,,,,,,,,,,1,1,35,,0.0,0.0,10.0,0.0,9.0,0.3658644948225181,,,,,,,,,,,,,,,,,,,,,,,,,,,,,,1,2,35,,0.0,0.0,6.0,1.0,3.0,0.5374298202606297,,,,,,,,,,,,,,,,,,,,,,,,,,,,,,1,3,35,,0.0,0.0,3.2938,1.0,4.0,0.22319055523731496,,,,,,,,,,,,,,,,,,,,,,,,,,,,,,1,4,35,,0.0,1.0,6.0,0.0,5.0,0.6341355051774819,,,,,,,,,,,,,,,,,,,,,,,,,,,,,,1,5,35,,0.0,1,1
36,ievy0e8v,,0,0,46,,,,0,,,0.0,,,,,,,,,,,,,,,,,,,posinfo,50,rv8l9v05,,,,,0,theexperiment,0.0,0.01,36,,0.0,,,,,,,,,,,,,,,,,,,,,,,,,,,,,,,,,,,,,,,,,,,,,,,,,,,,,,,,,,,,,,,,,,,,,,,,,,,,,,,,,,,,,,,,,,,,,,,,,,,,,,,1,1,36,,0.0,0.0,5.5,0.0,2.0,0.7359452599427667,,,,,,,posinfo,,,,,,,,,,,,,,,,,,,,,,,1,1,36,,0.0,1.0,6.0,0.0,1.0,0.912934101914502,,,,,,,,,,,,,,,,,,,,,,,,,,,,,,1,2,36,,0.0,0.0,6.0,1.0,3.0,0.5374298202606297,,,,,,,,,,,,,,,,,,,,,,,,,,,,,,1,3,36,,0.0,1.0,1.0,0.0,3.0,0.4255575325190061,,,,,,,,,,,,,,,,,,,,,,,,,,,,,,1,4,36,,0.0,0.0,0.0,1.0,9.285,0.008340581468168747,,,,,,,,,,,,,,,,,,,,,,,,,,,,,,1,5,36,,0.0,1,1
37,03y720e2,,0,0,46,,,,0,,,0.0,,,,,,,,,,,,,,,,,,,varinfo,50,rv8l9v05,,,,,0,theexperiment,0.0,0.01,37,,0.0,,,,,,,,,,,,,,,,,,,,,,,,,,,,,,,,,,,,,,,,,,,,,,,,,,,,,,,,,,,,,,,,,,,,,,,,,,,,,,,,,,,,,,,,,,,,,,,,,,,,,,,1,1,37,,0.0,0.0,4.0,0.0,6.0,0.21416516412573436,,,,,,,varinfo,,,,,,,,,,,,,,,,,,,,,,,1,1,37,,0.0,1.0,9.0,1.0,5.0,0.731058446378433,,,,,,,,,,,,,,,,,,,,,,,,,,,,,,1,2,37,,0.0,0.0,5.0,1.0,10.0,0.03389523794928889,,,,,,,,,,,,,,,,,,,,,,,,,,,,,,1,3,37,,0.0,1.0,1.0,0.0,3.0,0.4255575325190061,,,,,,,,,,,,,,,,,,,,,,,,,,,,,,1,4,37,,0.0,1.0,9.0,0.0,0.0,0.9791636026454348,,,,,,,,,,,,,,,,,,,,,,,,,,,,,,1,5,37,,0.0,1,1
38,l4ova38a,,0,0,46,,,,0,,,0.0,,,,,,,,,,,,,,,,,,,fullinfo,50,rv8l9v05,,,,,0,theexperiment,0.0,0.01,38,,0.0,,,,,,,,,,,,,,,,,,,,,,,,,,,,,,,,,,,,,,,,,,,,,,,,,,,,,,,,,,,,,,,,,,,,,,,,,,,,,,,,,,,,,,,,,,,,,,,,,,,,,,,1,1,38,,0.0,1.0,7.8731,1.0,8.0,0.3220395695513543,,,,,,,fullinfo,,,,,,,,,,,,,,,,,,,,,,,1,1,38,,0.0,0.0,10.0,0.0,9.0,0.3658644948225181,,,,,,,,,,,,,,,,,,,,,,,,,,,,,,1,2,38,,0.0,1.0,5.0,0.0,1.0,0.880796936729369,,,,,,,,,,,,,,,,,,,,,,,,,,,,,,1,3,38,,0.0,1.0,1.0,0.0,3.0,0.4255575325190061,,,,,,,,,,,,,,,,,,,,,,,,,,,,,,1,4,38,,0.0,0.0,0.0,1.0,9.285,0.008340581468168747,,,,,,,,,,,,,,,,,,,,,,,,,,,,,,1,5,38,,0.0,1,1
39,l5f7m8p6,,0,0,46,,,,0,,,0.0,,,,,,,,,,,,,,,,,,,neginfo,50,rv8l9v05,,,,,0,theexperiment,0.0,0.01,39,,0.0,,,,,,,,,,,,,,,,,,,,,,,,,,,,,,,,,,,,,,,,,,,,,,,,,,,,,,,,,,,,,,,,,,,,,,,,,,,,,,,,,,,,,,,,,,,,,,,,,,,,,,,1,1,39,,0.0,0.0,5.5,0.0,2.0,0.7359452599427667,,,,,,,neginfo,,,,,,,,,,,,,,,,,,,,,,,1,1,39,,0.0,1.0,9.0,1.0,5.0,0.731058446378433,,,,,,,,,,,,,,,,,,,,,,,,,,,,,,1,2,39,,0.0,0.0,6.0,1.0,3.0,0.5374298202606297,,,,,,,,,,,,,,,,,,,,,,,,,,,,,,1,3,39,,0.0,0.0,3.0,1.0,2.0,0.3893608380189251,,,,,,,,,,,,,,,,,,,,,,,,,,,,,,1,4,39,,0.0,0.0,0.0,1.0,9.285,0.008340581468168747,,,,,,,,,,,,,,,,,,,,,,,,,,,,,,1,5,39,,0.0,1,1
40,s7nkl3bo,,0,0,46,,,,0,,,0.0,,,,,,,,,,,,,,,,,,,baseline,50,rv8l9v05,,,,,0,theexperiment,0.0,0.01,40,,0.0,,,,,,,,,,,,,,,,,,,,,,,,,,,,,,,,,,,,,,,,,,,,,,,,,,,,,,,,,,,,,,,,,,,,,,,,,,,,,,,,,,,,,,,,,,,,,,,,,,,,,,,1,1,40,,0.0,1.0,2.0,1.0,4.0,0.26894155362156696,,,,,,,baseline,,,,,,,,,,,,,,,,,,,,,,,1,1,40,,0.0,1.0,3.0,1.0,3.15637,0.43281716667711356,,,,,,,,,,,,,,,,,,,,,,,,,,,,,,1,2,40,,0.0,1.0,8.0,0.0,5.0,0.7772997156254003,,,,,,,,,,,,,,,,,,,,,,,,,,,,,,1,3,40,,0.0,1.0,2.0,0.0,1.0,0.7211150495107443,,,,,,,,,,,,,,,,,,,,,,,,,,,,,,1,4,40,,0.0,0.0,0.0,1.0,9.285,0.008340581468168747,,,,,,,,,,,,,,,,,,,,,,,,,,,,,,1,5,40,,0.0,1,1
41,2ulaq3q5,,0,0,46,,,,0,,,0.0,,,,,,,,,,,,,,,,,,,fullinfo,50,rv8l9v05,,,,,0,theexperiment,0.0,0.01,41,,0.0,,,,,,,,,,,,,,,,,,,,,,,,,,,,,,,,,,,,,,,,,,,,,,,,,,,,,,,,,,,,,,,,,,,,,,,,,,,,,,,,,,,,,,,,,,,,,,,,,,,,,,,1,1,41,,0.0,0.0,4.0,0.0,6.0,0.21416516412573436,,,,,,,fullinfo,,,,,,,,,,,,,,,,,,,,,,,1,1,41,,0.0,0.0,10.0,0.0,9.0,0.3658644948225181,,,,,,,,,,,,,,,,,,,,,,,,,,,,,,1,2,41,,0.0,1.0,8.0,0.0,5.0,0.7772997156254003,,,,,,,,,,,,,,,,,,,,,,,,,,,,,,1,3,41,,0.0,0.0,3.2938,1.0,4.0,0.22319055523731496,,,,,,,,,,,,,,,,,,,,,,,,,,,,,,1,4,41,,0.0,0.0,7.0,1.0,4.0,0.5124973880813042,,,,,,,,,,,,,,,,,,,,,,,,,,,,,,1,5,41,,0.0,1,1
42,jexhqc5n,,0,0,46,,,,0,,,0.0,,,,,,,,,,,,,,,,,,,baseline,50,rv8l9v05,,,,,0,theexperiment,0.0,0.01,42,,0.0,,,,,,,,,,,,,,,,,,,,,,,,,,,,,,,,,,,,,,,,,,,,,,,,,,,,,,,,,,,,,,,,,,,,,,,,,,,,,,,,,,,,,,,,,,,,,,,,,,,,,,,1,1,42,,0.0,1.0,7.0,0.0,0.0,0.9589086383106238,,,,,,,baseline,,,,,,,,,,,,,,,,,,,,,,,1,1,42,,0.0,1.0,9.0,1.0,5.0,0.731058446378433,,,,,,,,,,,,,,,,,,,,,,,,,,,,,,1,2,42,,0.0,0.0,7.8809,1.0,7.0,0.27057951875770403,,,,,,,,,,,,,,,,,,,,,,,,,,,,,,1,3,42,,0.0,1.0,1.0,0.0,3.0,0.4255575325190061,,,,,,,,,,,,,,,,,,,,,,,,,,,,,,1,4,42,,0.0,0.0,0.0,1.0,9.285,0.008340581468168747,,,,,,,,,,,,,,,,,,,,,,,,,,,,,,1,5,42,,0.0,1,1
43,1jht50wu,,0,0,46,,,,0,,,0.0,,,,,,,,,,,,,,,,,,,posinfo,50,rv8l9v05,,,,,0,theexperiment,0.0,0.01,43,,0.0,,,,,,,,,,,,,,,,,,,,,,,,,,,,,,,,,,,,,,,,,,,,,,,,,,,,,,,,,,,,,,,,,,,,,,,,,,,,,,,,,,,,,,,,,,,,,,,,,,,,,,,1,1,43,,0.0,1.0,2.0,1.0,4.0,0.26894155362156696,,,,,,,posinfo,,,,,,,,,,,,,,,,,,,,,,,1,1,43,,0.0,0.0,1.0,0.0,7.0,0.05732427767583096,,,,,,,,,,,,,,,,,,,,,,,,,,,,,,1,2,43,,0.0,0.0,7.8809,1.0,7.0,0.27057951875770403,,,,,,,,,,,,,,,,,,,,,,,,,,,,,,1,3,43,,0.0,0.0,3.2938,1.0,4.0,0.22319055523731496,,,,,,,,,,,,,,,,,,,,,,,,,,,,,,1,4,43,,0.0,0.0,0.0,1.0,9.285,0.008340581468168747,,,,,,,,,,,,,,,,,,,,,,,,,,,,,,1,5,43,,0.0,1,1
44,jpe27a01,,0,0,46,,,,0,,,0.0,,,,,,,,,,,,,,,,,,,varinfo,50,rv8l9v05,,,,,0,theexperiment,0.0,0.01,44,,0.0,,,,,,,,,,,,,,,,,,,,,,,,,,,,,,,,,,,,,,,,,,,,,,,,,,,,,,,,,,,,,,,,,,,,,,,,,,,,,,,,,,,,,,,,,,,,,,,,,,,,,,,1,1,44,,0.0,0.0,4.0,0.0,6.0,0.21416516412573436,,,,,,,varinfo,,,,,,,,,,,,,,,,,,,,,,,1,1,44,,0.0,1.0,9.0,1.0,5.0,0.731058446378433,,,,,,,,,,,,,,,,,,,,,,,,,,,,,,1,2,44,,0.0,0.0,7.8809,1.0,7.0,0.27057951875770403,,,,,,,,,,,,,,,,,,,,,,,,,,,,,,1,3,44,,0.0,1.0,2.0,0.0,1.0,0.7211150495107443,,,,,,,,,,,,,,,,,,,,,,,,,,,,,,1,4,44,,0.0,0.0,4.0,1.0,3.0,0.36586449482251804,,,,,,,,,,,,,,,,,,,,,,,,,,,,,,1,5,44,,0.0,1,1
45,utcu482m,,0,0,46,,,,0,,,0.0,,,,,,,,,,,,,,,,,,,neginfo,50,rv8l9v05,,,,,0,theexperiment,0.0,0.01,45,,0.0,,,,,,,,,,,,,,,,,,,,,,,,,,,,,,,,,,,,,,,,,,,,,,,,,,,,,,,,,,,,,,,,,,,,,,,,,,,,,,,,,,,,,,,,,,,,,,,,,,,,,,,1,1,45,,0.0,1.0,7.8731,1.0,8.0,0.3220395695513543,,,,,,,neginfo,,,,,,,,,,,,,,,,,,,,,,,1,1,45,,0.0,0.0,10.0,0.0,9.0,0.3658644948225181,,,,,,,,,,,,,,,,,,,,,,,,,,,,,,1,2,45,,0.0,0.0,5.0,1.0,10.0,0.03389523794928889,,,,,,,,,,,,,,,,,,,,,,,,,,,,,,1,3,45,,0.0,0.0,3.0,1.0,2.0,0.3893608380189251,,,,,,,,,,,,,,,,,,,,,,,,,,,,,,1,4,45,,0.0,1.0,9.0,0.0,0.0,0.9791636026454348,,,,,,,,,,,,,,,,,,,,,,,,,,,,,,1,5,45,,0.0,1,1
46,1rk1xo1k,,0,0,46,,,,0,,,0.0,,,,,,,,,,,,,,,,,,,posinfo,50,rv8l9v05,,,,,0,theexperiment,0.0,0.01,46,,0.0,,,,,,,,,,,,,,,,,,,,,,,,,,,,,,,,,,,,,,,,,,,,,,,,,,,,,,,,,,,,,,,,,,,,,,,,,,,,,,,,,,,,,,,,,,,,,,,,,,,,,,,1,1,46,,0.0,1.0,7.8731,1.0,8.0,0.3220395695513543,,,,,,,posinfo,,,,,,,,,,,,,,,,,,,,,,,1,1,46,,0.0,1.0,9.0,1.0,5.0,0.731058446378433,,,,,,,,,,,,,,,,,,,,,,,,,,,,,,1,2,46,,0.0,1.0,5.0,0.0,1.0,0.880796936729369,,,,,,,,,,,,,,,,,,,,,,,,,,,,,,1,3,46,,0.0,1.0,4.0,1.0,1.0,0.7407747635559568,,,,,,,,,,,,,,,,,,,,,,,,,,,,,,1,4,46,,0.0,0.0,7.0,1.0,4.0,0.5124973880813042,,,,,,,,,,,,,,,,,,,,,,,,,,,,,,1,5,46,,0.0,1,1
47,11yn5oul,,0,0,46,,,,0,,,0.0,,,,,,,,,,,,,,,,,,,fullinfo,50,rv8l9v05,,,,,0,theexperiment,0.0,0.01,47,,0.0,,,,,,,,,,,,,,,,,,,,,,,,,,,,,,,,,,,,,,,,,,,,,,,,,,,,,,,,,,,,,,,,,,,,,,,,,,,,,,,,,,,,,,,,,,,,,,,,,,,,,,,1,1,47,,0.0,0.0,5.5,0.0,2.0,0.7359452599427667,,,,,,,fullinfo,,,,,,,,,,,,,,,,,,,,,,,1,1,47,,0.0,1.0,9.0,1.0,5.0,0.731058446378433,,,,,,,,,,,,,,,,,,,,,,,,,,,,,,1,2,47,,0.0,0.0,7.8809,1.0,7.0,0.27057951875770403,,,,,,,,,,,,,,,,,,,,,,,,,,,,,,1,3,47,,0.0,1.0,2.0,0.0,1.0,0.7211150495107443,,,,,,,,,,,,,,,,,,,,,,,,,,,,,,1,4,47,,0.0,0.0,4.0,1.0,3.0,0.36586449482251804,,,,,,,,,,,,,,,,,,,,,,,,,,,,,,1,5,47,,0.0,1,1
48,hx5qq7i5,,0,0,46,,,,0,,,0.0,,,,,,,,,,,,,,,,,,,varinfo,50,rv8l9v05,,,,,0,theexperiment,0.0,0.01,48,,0.0,,,,,,,,,,,,,,,,,,,,,,,,,,,,,,,,,,,,,,,,,,,,,,,,,,,,,,,,,,,,,,,,,,,,,,,,,,,,,,,,,,,,,,,,,,,,,,,,,,,,,,,1,1,48,,0.0,0.0,5.5,0.0,2.0,0.7359452599427667,,,,,,,varinfo,,,,,,,,,,,,,,,,,,,,,,,1,1,48,,0.0,1.0,6.0,0.0,1.0,0.912934101914502,,,,,,,,,,,,,,,,,,,,,,,,,,,,,,1,2,48,,0.0,0.0,6.0,1.0,3.0,0.5374298202606297,,,,,,,,,,,,,,,,,,,,,,,,,,,,,,1,3,48,,0.0,0.0,3.2938,1.0,4.0,0.22319055523731496,,,,,,,,,,,,,,,,,,,,,,,,,,,,,,1,4,48,,0.0,0.0,0.0,1.0,9.285,0.008340581468168747,,,,,,,,,,,,,,,,,,,,,,,,,,,,,,1,5,48,,0.0,1,1
49,nmlsfevn,,0,0,46,,,,0,,,0.0,,,,,,,,,,,,,,,,,,,neginfo,50,rv8l9v05,,,,,0,theexperiment,0.0,0.01,49,,0.0,,,,,,,,,,,,,,,,,,,,,,,,,,,,,,,,,,,,,,,,,,,,,,,,,,,,,,,,,,,,,,,,,,,,,,,,,,,,,,,,,,,,,,,,,,,,,,,,,,,,,,,1,1,49,,0.0,1.0,7.8731,1.0,8.0,0.3220395695513543,,,,,,,neginfo,,,,,,,,,,,,,,,,,,,,,,,1,1,49,,0.0,1.0,3.0,1.0,3.15637,0.43281716667711356,,,,,,,,,,,,,,,,,,,,,,,,,,,,,,1,2,49,,0.0,0.0,6.0,1.0,3.0,0.5374298202606297,,,,,,,,,,,,,,,,,,,,,,,,,,,,,,1,3,49,,0.0,0.0,3.2938,1.0,4.0,0.22319055523731496,,,,,,,,,,,,,,,,,,,,,,,,,,,,,,1,4,49,,0.0,0.0,4.0,1.0,3.0,0.36586449482251804,,,,,,,,,,,,,,,,,,,,,,,,,,,,,,1,5,49,,0.0,1,1
50,uke7c9r8,,0,0,46,,,,0,,,0.0,,,,,,,,,,,,,,,,,,,baseline,50,rv8l9v05,,,,,0,theexperiment,0.0,0.01,50,,0.0,,,,,,,,,,,,,,,,,,,,,,,,,,,,,,,,,,,,,,,,,,,,,,,,,,,,,,,,,,,,,,,,,,,,,,,,,,,,,,,,,,,,,,,,,,,,,,,,,,,,,,,1,1,50,,0.0,1.0,7.8731,1.0,8.0,0.3220395695513543,,,,,,,baseline,,,,,,,,,,,,,,,,,,,,,,,1,1,50,,0.0,1.0,3.0,1.0,3.15637,0.43281716667711356,,,,,,,,,,,,,,,,,,,,,,,,,,,,,,1,2,50,,0.0,0.0,6.0,1.0,3.0,0.5374298202606297,,,,,,,,,,,,,,,,,,,,,,,,,,,,,,1,3,50,,0.0,0.0,3.0,1.0,2.0,0.3893608380189251,,,,,,,,,,,,,,,,,,,,,,,,,,,,,,1,4,50,,0.0,1.0,6.0,0.0,5.0,0.6341355051774819,,,,,,,,,,,,,,,,,,,,,,,,,,,,,,1,5,50,,0.0,1,1
