session_code,participant_id_in_session,participant_code,page_index,app_name,page_name,epoch_time_completed,round_number,timeout_happened,is_wait_page
85t7xi48,1,3f5jlm0l,0,,InitializeParticipant,1669469704,1,0,0
85t7xi48,2,8leo473z,0,,InitializeParticipant,1669469706,1,0,0
85t7xi48,3,fvfzr9ke,0,,InitializeParticipant,1669469707,1,0,0
85t7xi48,4,wq75db1r,0,,InitializeParticipant,1669469708,1,0,0
85t7xi48,5,ney9pz8h,0,,InitializeParticipant,1669469708,1,0,0
85t7xi48,6,zkb9o1tt,0,,InitializeParticipant,1669469712,1,0,0
85t7xi48,7,b7tbf6nq,0,,InitializeParticipant,1669469714,1,0,0
85t7xi48,8,kjihg23w,0,,InitializeParticipant,1669469716,1,0,0
85t7xi48,9,1giolptq,0,,InitializeParticipant,1669469716,1,0,0
85t7xi48,10,em1j9fnp,0,,InitializeParticipant,1669469717,1,0,0
85t7xi48,11,u8zs374p,0,,InitializeParticipant,1669469718,1,0,0
85t7xi48,12,mil6hq4c,0,,InitializeParticipant,1669469718,1,0,0
85t7xi48,8,kjihg23w,1,preexperiment,InformedConsentDE,1669469719,1,0,0
85t7xi48,1,3f5jlm0l,1,preexperiment,InformedConsentDE,1669469719,1,0,0
85t7xi48,13,k9jbmj16,0,,InitializeParticipant,1669469719,1,0,0
85t7xi48,14,dzg1cqjy,0,,InitializeParticipant,1669469722,1,0,0
85t7xi48,15,b8a98hwz,0,,InitializeParticipant,1669469722,1,0,0
85t7xi48,4,wq75db1r,1,preexperiment,InformedConsentDE,1669469723,1,0,0
85t7xi48,2,8leo473z,1,preexperiment,InformedConsentDE,1669469724,1,0,0
85t7xi48,6,zkb9o1tt,1,preexperiment,InformedConsentDE,1669469724,1,0,0
85t7xi48,9,1giolptq,1,preexperiment,InformedConsentDE,1669469724,1,0,0
85t7xi48,16,bi08199r,0,,InitializeParticipant,1669469725,1,0,0
85t7xi48,17,t3chfdi1,0,,InitializeParticipant,1669469726,1,0,0
85t7xi48,18,drvr0ry0,0,,InitializeParticipant,1669469726,1,0,0
85t7xi48,11,u8zs374p,1,preexperiment,InformedConsentDE,1669469726,1,0,0
85t7xi48,19,z3k7jshc,0,,InitializeParticipant,1669469728,1,0,0
85t7xi48,20,e66b738p,0,,InitializeParticipant,1669469730,1,0,0
85t7xi48,12,mil6hq4c,1,preexperiment,InformedConsentDE,1669469730,1,0,0
85t7xi48,21,1lsqfgd5,0,,InitializeParticipant,1669469731,1,0,0
85t7xi48,22,vcxly8rs,0,,InitializeParticipant,1669469732,1,0,0
85t7xi48,11,u8zs374p,2,preexperiment,Instructions,1669469732,1,0,0
85t7xi48,23,74o34orf,0,,InitializeParticipant,1669469733,1,0,0
85t7xi48,3,fvfzr9ke,1,preexperiment,InformedConsentDE,1669469734,1,0,0
85t7xi48,24,i8ot1vx9,0,,InitializeParticipant,1669469735,1,0,0
85t7xi48,18,drvr0ry0,1,preexperiment,InformedConsentDE,1669469739,1,0,0
85t7xi48,11,u8zs374p,3,preexperiment,PartIWelcome,1669469739,1,0,0
85t7xi48,6,zkb9o1tt,2,preexperiment,Instructions,1669469740,1,0,0
85t7xi48,24,i8ot1vx9,1,preexperiment,InformedConsentDE,1669469740,1,0,0
85t7xi48,22,vcxly8rs,1,preexperiment,InformedConsentDE,1669469741,1,0,0
85t7xi48,2,8leo473z,2,preexperiment,Instructions,1669469742,1,0,0
85t7xi48,4,wq75db1r,2,preexperiment,Instructions,1669469743,1,0,0
85t7xi48,6,zkb9o1tt,3,preexperiment,PartIWelcome,1669469743,1,0,0
85t7xi48,15,b8a98hwz,1,preexperiment,InformedConsentDE,1669469744,1,0,0
85t7xi48,20,e66b738p,1,preexperiment,InformedConsentDE,1669469746,1,0,0
85t7xi48,2,8leo473z,3,preexperiment,PartIWelcome,1669469748,1,0,0
85t7xi48,4,wq75db1r,3,preexperiment,PartIWelcome,1669469748,1,0,0
85t7xi48,21,1lsqfgd5,1,preexperiment,InformedConsentDE,1669469751,1,0,0
85t7xi48,7,b7tbf6nq,1,preexperiment,InformedConsentDE,1669469752,1,0,0
85t7xi48,23,74o34orf,1,preexperiment,InformedConsentDE,1669469753,1,0,0
85t7xi48,16,bi08199r,1,preexperiment,InformedConsentDE,1669469759,1,0,0
85t7xi48,8,kjihg23w,2,preexperiment,Instructions,1669469760,1,0,0
85t7xi48,8,kjihg23w,3,preexperiment,PartIWelcome,1669469762,1,0,0
85t7xi48,3,fvfzr9ke,2,preexperiment,Instructions,1669469763,1,0,0
85t7xi48,12,mil6hq4c,2,preexperiment,Instructions,1669469764,1,0,0
85t7xi48,1,3f5jlm0l,2,preexperiment,Instructions,1669469764,1,0,0
85t7xi48,15,b8a98hwz,2,preexperiment,Instructions,1669469764,1,0,0
85t7xi48,1,3f5jlm0l,3,preexperiment,PartIWelcome,1669469767,1,0,0
85t7xi48,18,drvr0ry0,2,preexperiment,Instructions,1669469767,1,0,0
85t7xi48,15,b8a98hwz,3,preexperiment,PartIWelcome,1669469767,1,0,0
85t7xi48,24,i8ot1vx9,2,preexperiment,Instructions,1669469771,1,0,0
85t7xi48,13,k9jbmj16,1,preexperiment,InformedConsentDE,1669469771,1,0,0
85t7xi48,12,mil6hq4c,3,preexperiment,PartIWelcome,1669469773,1,0,0
85t7xi48,23,74o34orf,2,preexperiment,Instructions,1669469774,1,0,0
85t7xi48,18,drvr0ry0,3,preexperiment,PartIWelcome,1669469774,1,0,0
85t7xi48,20,e66b738p,2,preexperiment,Instructions,1669469775,1,0,0
85t7xi48,22,vcxly8rs,2,preexperiment,Instructions,1669469775,1,0,0
85t7xi48,23,74o34orf,3,preexperiment,PartIWelcome,1669469776,1,0,0
85t7xi48,7,b7tbf6nq,2,preexperiment,Instructions,1669469778,1,0,0
85t7xi48,24,i8ot1vx9,3,preexperiment,PartIWelcome,1669469778,1,0,0
85t7xi48,25,axneev1i,0,,InitializeParticipant,1669469779,1,0,0
85t7xi48,20,e66b738p,3,preexperiment,PartIWelcome,1669469780,1,0,0
85t7xi48,22,vcxly8rs,3,preexperiment,PartIWelcome,1669469780,1,0,0
85t7xi48,25,axneev1i,1,preexperiment,InformedConsentDE,1669469783,1,0,0
85t7xi48,16,bi08199r,2,preexperiment,Instructions,1669469784,1,0,0
85t7xi48,7,b7tbf6nq,3,preexperiment,PartIWelcome,1669469785,1,0,0
85t7xi48,21,1lsqfgd5,2,preexperiment,Instructions,1669469788,1,0,0
85t7xi48,26,83wefhi0,0,,InitializeParticipant,1669469790,1,0,0
85t7xi48,6,zkb9o1tt,4,preexperiment,Questionnaire,1669469790,1,0,0
85t7xi48,16,bi08199r,3,preexperiment,PartIWelcome,1669469792,1,0,0
85t7xi48,9,1giolptq,2,preexperiment,Instructions,1669469792,1,0,0
85t7xi48,14,dzg1cqjy,1,preexperiment,InformedConsentDE,1669469793,1,0,0
85t7xi48,4,wq75db1r,4,preexperiment,Questionnaire,1669469795,1,0,0
85t7xi48,9,1giolptq,3,preexperiment,PartIWelcome,1669469797,1,0,0
85t7xi48,21,1lsqfgd5,3,preexperiment,PartIWelcome,1669469798,1,0,0
85t7xi48,27,a83e2jgv,0,,InitializeParticipant,1669469799,1,0,0
85t7xi48,8,kjihg23w,4,preexperiment,Questionnaire,1669469800,1,0,0
85t7xi48,17,t3chfdi1,1,preexperiment,InformedConsentDE,1669469802,1,0,0
85t7xi48,13,k9jbmj16,2,preexperiment,Instructions,1669469803,1,0,0
85t7xi48,6,zkb9o1tt,5,preexperiment,RiskElicitation,1669469804,1,0,0
85t7xi48,25,axneev1i,2,preexperiment,Instructions,1669469804,1,0,0
85t7xi48,6,zkb9o1tt,6,preexperiment,ResultsRisk,1669469806,1,0,0
85t7xi48,4,wq75db1r,5,preexperiment,RiskElicitation,1669469807,1,0,0
85t7xi48,25,axneev1i,3,preexperiment,PartIWelcome,1669469809,1,0,0
85t7xi48,26,83wefhi0,1,preexperiment,InformedConsentDE,1669469810,1,0,0
85t7xi48,13,k9jbmj16,3,preexperiment,PartIWelcome,1669469811,1,0,0
85t7xi48,4,wq75db1r,6,preexperiment,ResultsRisk,1669469811,1,0,0
85t7xi48,11,u8zs374p,4,preexperiment,Questionnaire,1669469813,1,0,0
85t7xi48,27,a83e2jgv,1,preexperiment,InformedConsentDE,1669469813,1,0,0
85t7xi48,6,zkb9o1tt,7,preexperiment,PartIIWelcome,1669469815,1,0,0
85t7xi48,14,dzg1cqjy,2,preexperiment,Instructions,1669469816,1,0,0
85t7xi48,4,wq75db1r,7,preexperiment,PartIIWelcome,1669469819,1,0,0
85t7xi48,14,dzg1cqjy,3,preexperiment,PartIWelcome,1669469820,1,0,0
85t7xi48,23,74o34orf,4,preexperiment,Questionnaire,1669469824,1,0,0
85t7xi48,11,u8zs374p,5,preexperiment,RiskElicitation,1669469827,1,0,0
85t7xi48,8,kjihg23w,5,preexperiment,RiskElicitation,1669469828,1,0,0
85t7xi48,24,i8ot1vx9,4,preexperiment,Questionnaire,1669469829,1,0,0
85t7xi48,11,u8zs374p,6,preexperiment,ResultsRisk,1669469830,1,0,0
85t7xi48,8,kjihg23w,6,preexperiment,ResultsRisk,1669469830,1,0,0
85t7xi48,2,8leo473z,4,preexperiment,Questionnaire,1669469830,1,0,0
85t7xi48,27,a83e2jgv,2,preexperiment,Instructions,1669469831,1,0,0
85t7xi48,27,a83e2jgv,3,preexperiment,PartIWelcome,1669469834,1,0,0
85t7xi48,11,u8zs374p,7,preexperiment,PartIIWelcome,1669469838,1,0,0
85t7xi48,26,83wefhi0,2,preexperiment,Instructions,1669469838,1,0,0
85t7xi48,18,drvr0ry0,4,preexperiment,Questionnaire,1669469839,1,0,0
85t7xi48,5,ney9pz8h,1,preexperiment,InformedConsentDE,1669469840,1,0,0
85t7xi48,24,i8ot1vx9,5,preexperiment,RiskElicitation,1669469843,1,0,0
85t7xi48,23,74o34orf,5,preexperiment,RiskElicitation,1669469844,1,0,0
85t7xi48,26,83wefhi0,3,preexperiment,PartIWelcome,1669469845,1,0,0
85t7xi48,8,kjihg23w,7,preexperiment,PartIIWelcome,1669469846,1,0,0
85t7xi48,24,i8ot1vx9,6,preexperiment,ResultsRisk,1669469846,1,0,0
85t7xi48,23,74o34orf,6,preexperiment,ResultsRisk,1669469847,1,0,0
85t7xi48,28,f1oym3yv,0,,InitializeParticipant,1669469851,1,0,0
85t7xi48,16,bi08199r,4,preexperiment,Questionnaire,1669469857,1,0,0
85t7xi48,2,8leo473z,5,preexperiment,RiskElicitation,1669469858,1,0,0
85t7xi48,22,vcxly8rs,4,preexperiment,Questionnaire,1669469858,1,0,0
85t7xi48,12,mil6hq4c,4,preexperiment,Questionnaire,1669469860,1,0,0
85t7xi48,28,f1oym3yv,1,preexperiment,InformedConsentDE,1669469861,1,0,0
85t7xi48,2,8leo473z,6,preexperiment,ResultsRisk,1669469861,1,0,0
85t7xi48,5,ney9pz8h,2,preexperiment,Instructions,1669469861,1,0,0
85t7xi48,9,1giolptq,4,preexperiment,Questionnaire,1669469862,1,0,0
85t7xi48,5,ney9pz8h,3,preexperiment,PartIWelcome,1669469863,1,0,0
85t7xi48,23,74o34orf,7,preexperiment,PartIIWelcome,1669469863,1,0,0
85t7xi48,24,i8ot1vx9,7,preexperiment,PartIIWelcome,1669469865,1,0,0
85t7xi48,17,t3chfdi1,2,preexperiment,Instructions,1669469865,1,0,0
85t7xi48,21,1lsqfgd5,4,preexperiment,Questionnaire,1669469866,1,0,0
85t7xi48,14,dzg1cqjy,4,preexperiment,Questionnaire,1669469869,1,0,0
85t7xi48,25,axneev1i,4,preexperiment,Questionnaire,1669469870,1,0,0
85t7xi48,18,drvr0ry0,5,preexperiment,RiskElicitation,1669469870,1,0,0
85t7xi48,22,vcxly8rs,5,preexperiment,RiskElicitation,1669469872,1,0,0
85t7xi48,18,drvr0ry0,6,preexperiment,ResultsRisk,1669469873,1,0,0
85t7xi48,16,bi08199r,5,preexperiment,RiskElicitation,1669469876,1,0,0
85t7xi48,29,tmnz1hf3,0,,InitializeParticipant,1669469877,1,0,0
85t7xi48,2,8leo473z,7,preexperiment,PartIIWelcome,1669469878,1,0,0
85t7xi48,16,bi08199r,6,preexperiment,ResultsRisk,1669469878,1,0,0
85t7xi48,17,t3chfdi1,3,preexperiment,PartIWelcome,1669469879,1,0,0
85t7xi48,15,b8a98hwz,4,preexperiment,Questionnaire,1669469880,1,0,0
85t7xi48,11,u8zs374p,8,preexperiment,HL,1669469881,1,0,0
85t7xi48,4,wq75db1r,8,preexperiment,HL,1669469884,1,0,0
85t7xi48,9,1giolptq,5,preexperiment,RiskElicitation,1669469885,1,0,0
85t7xi48,14,dzg1cqjy,5,preexperiment,RiskElicitation,1669469886,1,0,0
85t7xi48,6,zkb9o1tt,8,preexperiment,HL,1669469888,1,0,0
85t7xi48,22,vcxly8rs,6,preexperiment,ResultsRisk,1669469888,1,0,0
85t7xi48,9,1giolptq,6,preexperiment,ResultsRisk,1669469888,1,0,0
85t7xi48,18,drvr0ry0,7,preexperiment,PartIIWelcome,1669469890,1,0,0
85t7xi48,14,dzg1cqjy,6,preexperiment,ResultsRisk,1669469890,1,0,0
85t7xi48,29,tmnz1hf3,1,preexperiment,InformedConsentDE,1669469891,1,0,0
85t7xi48,16,bi08199r,7,preexperiment,PartIIWelcome,1669469893,1,0,0
85t7xi48,21,1lsqfgd5,5,preexperiment,RiskElicitation,1669469894,1,0,0
85t7xi48,14,dzg1cqjy,7,preexperiment,PartIIWelcome,1669469895,1,0,0
85t7xi48,24,i8ot1vx9,8,preexperiment,HL,1669469897,1,0,0
85t7xi48,21,1lsqfgd5,6,preexperiment,ResultsRisk,1669469897,1,0,0
85t7xi48,22,vcxly8rs,7,preexperiment,PartIIWelcome,1669469898,1,0,0
85t7xi48,23,74o34orf,8,preexperiment,HL,1669469898,1,0,0
85t7xi48,8,kjihg23w,8,preexperiment,HL,1669469903,1,0,0
85t7xi48,26,83wefhi0,4,preexperiment,Questionnaire,1669469906,1,0,0
85t7xi48,25,axneev1i,5,preexperiment,RiskElicitation,1669469906,1,0,0
85t7xi48,12,mil6hq4c,5,preexperiment,RiskElicitation,1669469909,1,0,0
85t7xi48,27,a83e2jgv,4,preexperiment,Questionnaire,1669469909,1,0,0
85t7xi48,25,axneev1i,6,preexperiment,ResultsRisk,1669469910,1,0,0
85t7xi48,7,b7tbf6nq,4,preexperiment,Questionnaire,1669469911,1,0,0
85t7xi48,12,mil6hq4c,6,preexperiment,ResultsRisk,1669469913,1,0,0
85t7xi48,9,1giolptq,7,preexperiment,PartIIWelcome,1669469916,1,0,0
85t7xi48,21,1lsqfgd5,7,preexperiment,PartIIWelcome,1669469918,1,0,0
85t7xi48,5,ney9pz8h,4,preexperiment,Questionnaire,1669469921,1,0,0
85t7xi48,25,axneev1i,7,preexperiment,PartIIWelcome,1669469922,1,0,0
85t7xi48,27,a83e2jgv,5,preexperiment,RiskElicitation,1669469925,1,0,0
85t7xi48,26,83wefhi0,5,preexperiment,RiskElicitation,1669469926,1,0,0
85t7xi48,27,a83e2jgv,6,preexperiment,ResultsRisk,1669469929,1,0,0
85t7xi48,26,83wefhi0,6,preexperiment,ResultsRisk,1669469930,1,0,0
85t7xi48,6,zkb9o1tt,9,preexperiment,HLLossFraming,1669469930,1,0,0
85t7xi48,11,u8zs374p,9,preexperiment,HLLossFraming,1669469933,1,0,0
85t7xi48,6,zkb9o1tt,10,preexperiment,AssignLosses,1669469933,1,0,0
85t7xi48,14,dzg1cqjy,8,preexperiment,HL,1669469934,1,0,0
85t7xi48,11,u8zs374p,10,preexperiment,AssignLosses,1669469935,1,0,0
85t7xi48,12,mil6hq4c,7,preexperiment,PartIIWelcome,1669469936,1,0,0
85t7xi48,20,e66b738p,4,preexperiment,Questionnaire,1669469936,1,0,0
85t7xi48,5,ney9pz8h,5,preexperiment,RiskElicitation,1669469937,1,0,0
85t7xi48,23,74o34orf,9,preexperiment,HLLossFraming,1669469939,1,0,0
85t7xi48,5,ney9pz8h,6,preexperiment,ResultsRisk,1669469940,1,0,0
85t7xi48,23,74o34orf,10,preexperiment,AssignLosses,1669469941,1,0,0
85t7xi48,6,zkb9o1tt,11,informationtreatment,PartIIIWelcome,1669469941,1,0,0
85t7xi48,27,a83e2jgv,7,preexperiment,PartIIWelcome,1669469943,1,0,0
85t7xi48,26,83wefhi0,7,preexperiment,PartIIWelcome,1669469943,1,0,0
85t7xi48,7,b7tbf6nq,5,preexperiment,RiskElicitation,1669469944,1,0,0
85t7xi48,18,drvr0ry0,8,preexperiment,HL,1669469944,1,0,0
85t7xi48,11,u8zs374p,11,informationtreatment,PartIIIWelcome,1669469947,1,0,0
85t7xi48,7,b7tbf6nq,6,preexperiment,ResultsRisk,1669469948,1,0,0
85t7xi48,23,74o34orf,11,informationtreatment,PartIIIWelcome,1669469948,1,0,0
85t7xi48,5,ney9pz8h,7,preexperiment,PartIIWelcome,1669469951,1,0,0
85t7xi48,13,k9jbmj16,4,preexperiment,Questionnaire,1669469951,1,0,0
85t7xi48,15,b8a98hwz,5,preexperiment,RiskElicitation,1669469954,1,0,0
85t7xi48,11,u8zs374p,12,informationtreatment,RiskInformation,1669469955,1,0,0
85t7xi48,20,e66b738p,5,preexperiment,RiskElicitation,1669469956,1,0,0
85t7xi48,23,74o34orf,12,informationtreatment,RiskInformation,1669469956,1,0,0
85t7xi48,15,b8a98hwz,6,preexperiment,ResultsRisk,1669469956,1,0,0
85t7xi48,6,zkb9o1tt,12,informationtreatment,RiskInformation,1669469956,1,0,0
85t7xi48,20,e66b738p,6,preexperiment,ResultsRisk,1669469960,1,0,0
85t7xi48,21,1lsqfgd5,8,preexperiment,HL,1669469964,1,0,0
85t7xi48,15,b8a98hwz,7,preexperiment,PartIIWelcome,1669469965,1,0,0
85t7xi48,13,k9jbmj16,5,preexperiment,RiskElicitation,1669469965,1,0,0
85t7xi48,16,bi08199r,8,preexperiment,HL,1669469965,1,0,0
85t7xi48,20,e66b738p,7,preexperiment,PartIIWelcome,1669469966,1,0,0
85t7xi48,24,i8ot1vx9,9,preexperiment,HLLossFraming,1669469966,1,0,0
85t7xi48,13,k9jbmj16,6,preexperiment,ResultsRisk,1669469968,1,0,0
85t7xi48,29,tmnz1hf3,2,preexperiment,Instructions,1669469969,1,0,0
85t7xi48,24,i8ot1vx9,10,preexperiment,AssignLosses,1669469970,1,0,0
85t7xi48,14,dzg1cqjy,9,preexperiment,HLLossFraming,1669469971,1,0,0
85t7xi48,14,dzg1cqjy,10,preexperiment,AssignLosses,1669469972,1,0,0
85t7xi48,26,83wefhi0,8,preexperiment,HL,1669469974,1,0,0
85t7xi48,29,tmnz1hf3,3,preexperiment,PartIWelcome,1669469975,1,0,0
85t7xi48,2,8leo473z,8,preexperiment,HL,1669469978,1,0,0
85t7xi48,27,a83e2jgv,8,preexperiment,HL,1669469982,1,0,0
85t7xi48,9,1giolptq,8,preexperiment,HL,1669469988,1,0,0
85t7xi48,4,wq75db1r,9,preexperiment,HLLossFraming,1669469989,1,0,0
85t7xi48,4,wq75db1r,10,preexperiment,AssignLosses,1669469991,1,0,0
85t7xi48,13,k9jbmj16,7,preexperiment,PartIIWelcome,1669469992,1,0,0
85t7xi48,14,dzg1cqjy,11,informationtreatment,PartIIIWelcome,1669469995,1,0,0
85t7xi48,5,ney9pz8h,8,preexperiment,HL,1669469995,1,0,0
85t7xi48,24,i8ot1vx9,11,informationtreatment,PartIIIWelcome,1669470002,1,0,0
85t7xi48,14,dzg1cqjy,12,informationtreatment,RiskInformation,1669470005,1,0,0
85t7xi48,21,1lsqfgd5,9,preexperiment,HLLossFraming,1669470005,1,0,0
85t7xi48,17,t3chfdi1,4,preexperiment,Questionnaire,1669470006,1,0,0
85t7xi48,21,1lsqfgd5,10,preexperiment,AssignLosses,1669470007,1,0,0
85t7xi48,25,axneev1i,8,preexperiment,HL,1669470008,1,0,0
85t7xi48,22,vcxly8rs,8,preexperiment,HL,1669470012,1,0,0
85t7xi48,2,8leo473z,9,preexperiment,HLLossFraming,1669470014,1,0,0
85t7xi48,12,mil6hq4c,8,preexperiment,HL,1669470015,1,0,0
85t7xi48,24,i8ot1vx9,12,informationtreatment,RiskInformation,1669470015,1,0,0
85t7xi48,2,8leo473z,10,preexperiment,AssignLosses,1669470016,1,0,0
85t7xi48,30,1arh26uk,0,,InitializeParticipant,1669470017,1,0,0
85t7xi48,4,wq75db1r,11,informationtreatment,PartIIIWelcome,1669470019,1,0,0
85t7xi48,30,1arh26uk,1,preexperiment,InformedConsentDE,1669470021,1,0,0
85t7xi48,26,83wefhi0,9,preexperiment,HLLossFraming,1669470021,1,0,0
85t7xi48,27,a83e2jgv,9,preexperiment,HLLossFraming,1669470023,1,0,0
85t7xi48,26,83wefhi0,10,preexperiment,AssignLosses,1669470023,1,0,0
85t7xi48,27,a83e2jgv,10,preexperiment,AssignLosses,1669470024,1,0,0
85t7xi48,28,f1oym3yv,2,preexperiment,Instructions,1669470030,1,0,0
85t7xi48,4,wq75db1r,12,informationtreatment,RiskInformation,1669470031,1,0,0
85t7xi48,18,drvr0ry0,9,preexperiment,HLLossFraming,1669470031,1,0,0
85t7xi48,18,drvr0ry0,10,preexperiment,AssignLosses,1669470033,1,0,0
85t7xi48,8,kjihg23w,9,preexperiment,HLLossFraming,1669470037,1,0,0
85t7xi48,15,b8a98hwz,8,preexperiment,HL,1669470039,1,0,0
85t7xi48,20,e66b738p,8,preexperiment,HL,1669470042,1,0,0
85t7xi48,26,83wefhi0,11,informationtreatment,PartIIIWelcome,1669470043,1,0,0
85t7xi48,2,8leo473z,11,informationtreatment,PartIIIWelcome,1669470043,1,0,0
85t7xi48,5,ney9pz8h,9,preexperiment,HLLossFraming,1669470050,1,0,0
85t7xi48,5,ney9pz8h,10,preexperiment,AssignLosses,1669470052,1,0,0
85t7xi48,16,bi08199r,9,preexperiment,HLLossFraming,1669470053,1,0,0
85t7xi48,8,kjihg23w,10,preexperiment,AssignLosses,1669470053,1,0,0
85t7xi48,16,bi08199r,10,preexperiment,AssignLosses,1669470055,1,0,0
85t7xi48,17,t3chfdi1,5,preexperiment,RiskElicitation,1669470056,1,0,0
85t7xi48,9,1giolptq,9,preexperiment,HLLossFraming,1669470057,1,0,0
85t7xi48,26,83wefhi0,12,informationtreatment,RiskInformation,1669470058,1,0,0
85t7xi48,9,1giolptq,10,preexperiment,AssignLosses,1669470059,1,0,0
85t7xi48,28,f1oym3yv,3,preexperiment,PartIWelcome,1669470060,1,0,0
85t7xi48,17,t3chfdi1,6,preexperiment,ResultsRisk,1669470061,1,0,0
85t7xi48,18,drvr0ry0,11,informationtreatment,PartIIIWelcome,1669470061,1,0,0
85t7xi48,27,a83e2jgv,11,informationtreatment,PartIIIWelcome,1669470064,1,0,0
85t7xi48,7,b7tbf6nq,7,preexperiment,PartIIWelcome,1669470066,1,0,0
85t7xi48,11,u8zs374p,13,informationtreatment,Beliefs,1669470066,1,0,0
85t7xi48,12,mil6hq4c,9,preexperiment,HLLossFraming,1669470068,1,0,0
85t7xi48,13,k9jbmj16,8,preexperiment,HL,1669470070,1,0,0
85t7xi48,12,mil6hq4c,10,preexperiment,AssignLosses,1669470071,1,0,0
85t7xi48,2,8leo473z,12,informationtreatment,RiskInformation,1669470071,1,0,0
85t7xi48,18,drvr0ry0,12,informationtreatment,RiskInformation,1669470073,1,0,0
85t7xi48,20,e66b738p,9,preexperiment,HLLossFraming,1669470078,1,0,0
85t7xi48,16,bi08199r,11,informationtreatment,PartIIIWelcome,1669470079,1,0,0
85t7xi48,29,tmnz1hf3,4,preexperiment,Questionnaire,1669470080,1,0,0
85t7xi48,20,e66b738p,10,preexperiment,AssignLosses,1669470081,1,0,0
85t7xi48,5,ney9pz8h,11,informationtreatment,PartIIIWelcome,1669470082,1,0,0
85t7xi48,17,t3chfdi1,7,preexperiment,PartIIWelcome,1669470084,1,0,0
85t7xi48,27,a83e2jgv,12,informationtreatment,RiskInformation,1669470085,1,0,0
85t7xi48,5,ney9pz8h,12,informationtreatment,RiskInformation,1669470089,1,0,0
85t7xi48,16,bi08199r,12,informationtreatment,RiskInformation,1669470090,1,0,0
85t7xi48,20,e66b738p,11,informationtreatment,PartIIIWelcome,1669470097,1,0,0
85t7xi48,12,mil6hq4c,11,informationtreatment,PartIIIWelcome,1669470098,1,0,0
85t7xi48,8,kjihg23w,11,informationtreatment,PartIIIWelcome,1669470101,1,0,0
85t7xi48,9,1giolptq,11,informationtreatment,PartIIIWelcome,1669470104,1,0,0
85t7xi48,29,tmnz1hf3,5,preexperiment,RiskElicitation,1669470106,1,0,0
85t7xi48,25,axneev1i,9,preexperiment,HLLossFraming,1669470106,1,0,0
85t7xi48,25,axneev1i,10,preexperiment,AssignLosses,1669470108,1,0,0
85t7xi48,21,1lsqfgd5,11,informationtreatment,PartIIIWelcome,1669470108,1,0,0
85t7xi48,12,mil6hq4c,12,informationtreatment,RiskInformation,1669470111,1,0,0
85t7xi48,20,e66b738p,12,informationtreatment,RiskInformation,1669470112,1,0,0
85t7xi48,29,tmnz1hf3,6,preexperiment,ResultsRisk,1669470113,1,0,0
85t7xi48,9,1giolptq,12,informationtreatment,RiskInformation,1669470118,1,0,0
85t7xi48,11,u8zs374p,14,informationtreatment,WillingnesstoPay,1669470121,1,0,0
85t7xi48,8,kjihg23w,12,informationtreatment,RiskInformation,1669470123,1,0,0
85t7xi48,11,u8zs374p,15,informationtreatment,Insurance,1669470125,1,0,0
85t7xi48,21,1lsqfgd5,12,informationtreatment,RiskInformation,1669470126,1,0,0
85t7xi48,15,b8a98hwz,9,preexperiment,HLLossFraming,1669470127,1,0,0
85t7xi48,15,b8a98hwz,10,preexperiment,AssignLosses,1669470129,1,0,0
85t7xi48,11,u8zs374p,16,informationtreatment,Results,1669470129,1,0,0
85t7xi48,6,zkb9o1tt,13,informationtreatment,Beliefs,1669470132,1,0,0
85t7xi48,25,axneev1i,11,informationtreatment,PartIIIWelcome,1669470132,1,0,0
85t7xi48,11,u8zs374p,19,informationtreatment,RiskInformation,1669470135,2,0,0
85t7xi48,15,b8a98hwz,11,informationtreatment,PartIIIWelcome,1669470146,1,0,0
85t7xi48,22,vcxly8rs,9,preexperiment,HLLossFraming,1669470157,1,0,0
85t7xi48,3,fvfzr9ke,3,preexperiment,PartIWelcome,1669470159,1,0,0
85t7xi48,22,vcxly8rs,10,preexperiment,AssignLosses,1669470160,1,0,0
85t7xi48,25,axneev1i,12,informationtreatment,RiskInformation,1669470160,1,0,0
85t7xi48,15,b8a98hwz,12,informationtreatment,RiskInformation,1669470161,1,0,0
85t7xi48,29,tmnz1hf3,7,preexperiment,PartIIWelcome,1669470165,1,0,0
85t7xi48,4,wq75db1r,13,informationtreatment,Beliefs,1669470168,1,0,0
85t7xi48,14,dzg1cqjy,13,informationtreatment,Beliefs,1669470172,1,0,0
85t7xi48,7,b7tbf6nq,8,preexperiment,HL,1669470177,1,0,0
85t7xi48,28,f1oym3yv,4,preexperiment,Questionnaire,1669470196,1,0,0
85t7xi48,17,t3chfdi1,8,preexperiment,HL,1669470196,1,0,0
85t7xi48,11,u8zs374p,20,informationtreatment,Beliefs,1669470197,2,0,0
85t7xi48,23,74o34orf,13,informationtreatment,Beliefs,1669470208,1,0,0
85t7xi48,11,u8zs374p,21,informationtreatment,WillingnesstoPay,1669470209,2,0,0
85t7xi48,3,fvfzr9ke,4,preexperiment,Questionnaire,1669470211,1,0,0
85t7xi48,11,u8zs374p,22,informationtreatment,Insurance,1669470211,2,0,0
85t7xi48,22,vcxly8rs,11,informationtreatment,PartIIIWelcome,1669470212,1,0,0
85t7xi48,11,u8zs374p,23,informationtreatment,Results,1669470213,2,0,0
85t7xi48,11,u8zs374p,26,informationtreatment,RiskInformation,1669470216,3,0,0
85t7xi48,6,zkb9o1tt,14,informationtreatment,WillingnesstoPay,1669470219,1,0,0
85t7xi48,6,zkb9o1tt,15,informationtreatment,Insurance,1669470223,1,0,0
85t7xi48,6,zkb9o1tt,16,informationtreatment,Results,1669470226,1,0,0
85t7xi48,26,83wefhi0,13,informationtreatment,Beliefs,1669470229,1,0,0
85t7xi48,22,vcxly8rs,12,informationtreatment,RiskInformation,1669470229,1,0,0
85t7xi48,3,fvfzr9ke,5,preexperiment,RiskElicitation,1669470230,1,0,0
85t7xi48,3,fvfzr9ke,6,preexperiment,ResultsRisk,1669470233,1,0,0
85t7xi48,4,wq75db1r,14,informationtreatment,WillingnesstoPay,1669470235,1,0,0
85t7xi48,6,zkb9o1tt,19,informationtreatment,RiskInformation,1669470235,2,0,0
85t7xi48,24,i8ot1vx9,13,informationtreatment,Beliefs,1669470236,1,0,0
85t7xi48,14,dzg1cqjy,14,informationtreatment,WillingnesstoPay,1669470237,1,0,0
85t7xi48,4,wq75db1r,15,informationtreatment,Insurance,1669470239,1,0,0
85t7xi48,14,dzg1cqjy,15,informationtreatment,Insurance,1669470240,1,0,0
85t7xi48,20,e66b738p,13,informationtreatment,Beliefs,1669470242,1,0,0
85t7xi48,4,wq75db1r,16,informationtreatment,Results,1669470243,1,0,0
85t7xi48,14,dzg1cqjy,16,informationtreatment,Results,1669470245,1,0,0
85t7xi48,7,b7tbf6nq,9,preexperiment,HLLossFraming,1669470250,1,0,0
85t7xi48,7,b7tbf6nq,10,preexperiment,AssignLosses,1669470252,1,0,0
85t7xi48,14,dzg1cqjy,19,informationtreatment,RiskInformation,1669470253,2,0,0
85t7xi48,30,1arh26uk,2,preexperiment,Instructions,1669470258,1,0,0
85t7xi48,28,f1oym3yv,5,preexperiment,RiskElicitation,1669470259,1,0,0
85t7xi48,8,kjihg23w,13,informationtreatment,Beliefs,1669470259,1,0,0
85t7xi48,30,1arh26uk,3,preexperiment,PartIWelcome,1669470261,1,0,0
85t7xi48,4,wq75db1r,19,informationtreatment,RiskInformation,1669470261,2,0,0
85t7xi48,29,tmnz1hf3,8,preexperiment,HL,1669470269,1,0,0
85t7xi48,11,u8zs374p,27,informationtreatment,Beliefs,1669470278,3,0,0
85t7xi48,3,fvfzr9ke,7,preexperiment,PartIIWelcome,1669470280,1,0,0
85t7xi48,18,drvr0ry0,13,informationtreatment,Beliefs,1669470281,1,0,0
85t7xi48,7,b7tbf6nq,11,informationtreatment,PartIIIWelcome,1669470284,1,0,0
85t7xi48,11,u8zs374p,28,informationtreatment,WillingnesstoPay,1669470284,3,0,0
85t7xi48,11,u8zs374p,29,informationtreatment,Insurance,1669470288,3,0,0
85t7xi48,13,k9jbmj16,9,preexperiment,HLLossFraming,1669470291,1,0,0
85t7xi48,11,u8zs374p,30,informationtreatment,Results,1669470291,3,0,0
85t7xi48,11,u8zs374p,33,informationtreatment,RiskInformation,1669470293,4,0,0
85t7xi48,20,e66b738p,14,informationtreatment,WillingnesstoPay,1669470293,1,0,0
85t7xi48,13,k9jbmj16,10,preexperiment,AssignLosses,1669470294,1,0,0
85t7xi48,28,f1oym3yv,6,preexperiment,ResultsRisk,1669470296,1,0,0
85t7xi48,20,e66b738p,15,informationtreatment,Insurance,1669470296,1,0,0
85t7xi48,17,t3chfdi1,9,preexperiment,HLLossFraming,1669470299,1,0,0
85t7xi48,20,e66b738p,16,informationtreatment,Results,1669470300,1,0,0
85t7xi48,7,b7tbf6nq,12,informationtreatment,RiskInformation,1669470301,1,0,0
85t7xi48,6,zkb9o1tt,20,informationtreatment,Beliefs,1669470301,2,0,0
85t7xi48,23,74o34orf,14,informationtreatment,WillingnesstoPay,1669470302,1,0,0
85t7xi48,26,83wefhi0,14,informationtreatment,WillingnesstoPay,1669470302,1,0,0
85t7xi48,23,74o34orf,15,informationtreatment,Insurance,1669470304,1,0,0
85t7xi48,17,t3chfdi1,10,preexperiment,AssignLosses,1669470304,1,0,0
85t7xi48,21,1lsqfgd5,13,informationtreatment,Beliefs,1669470305,1,0,0
85t7xi48,20,e66b738p,19,informationtreatment,RiskInformation,1669470306,2,0,0
85t7xi48,23,74o34orf,16,informationtreatment,Results,1669470306,1,0,0
85t7xi48,26,83wefhi0,15,informationtreatment,Insurance,1669470308,1,0,0
85t7xi48,29,tmnz1hf3,9,preexperiment,HLLossFraming,1669470308,1,0,0
85t7xi48,30,1arh26uk,4,preexperiment,Questionnaire,1669470309,1,0,0
85t7xi48,23,74o34orf,19,informationtreatment,RiskInformation,1669470311,2,0,0
85t7xi48,26,83wefhi0,16,informationtreatment,Results,1669470311,1,0,0
85t7xi48,29,tmnz1hf3,10,preexperiment,AssignLosses,1669470313,1,0,0
85t7xi48,9,1giolptq,13,informationtreatment,Beliefs,1669470315,1,0,0
85t7xi48,30,1arh26uk,5,preexperiment,RiskElicitation,1669470318,1,0,0
85t7xi48,16,bi08199r,13,informationtreatment,Beliefs,1669470319,1,0,0
85t7xi48,6,zkb9o1tt,21,informationtreatment,WillingnesstoPay,1669470320,2,0,0
85t7xi48,27,a83e2jgv,13,informationtreatment,Beliefs,1669470321,1,0,0
85t7xi48,8,kjihg23w,14,informationtreatment,WillingnesstoPay,1669470322,1,0,0
85t7xi48,30,1arh26uk,6,preexperiment,ResultsRisk,1669470322,1,0,0
85t7xi48,6,zkb9o1tt,22,informationtreatment,Insurance,1669470323,2,0,0
85t7xi48,8,kjihg23w,15,informationtreatment,Insurance,1669470325,1,0,0
85t7xi48,6,zkb9o1tt,23,informationtreatment,Results,1669470326,2,0,0
85t7xi48,5,ney9pz8h,13,informationtreatment,Beliefs,1669470328,1,0,0
85t7xi48,8,kjihg23w,16,informationtreatment,Results,1669470330,1,0,0
85t7xi48,6,zkb9o1tt,26,informationtreatment,RiskInformation,1669470331,3,0,0
85t7xi48,26,83wefhi0,19,informationtreatment,RiskInformation,1669470336,2,0,0
85t7xi48,24,i8ot1vx9,14,informationtreatment,WillingnesstoPay,1669470338,1,0,0
85t7xi48,14,dzg1cqjy,20,informationtreatment,Beliefs,1669470338,2,0,0
85t7xi48,4,wq75db1r,20,informationtreatment,Beliefs,1669470340,2,0,0
85t7xi48,24,i8ot1vx9,15,informationtreatment,Insurance,1669470341,1,0,0
85t7xi48,24,i8ot1vx9,16,informationtreatment,Results,1669470344,1,0,0
85t7xi48,4,wq75db1r,21,informationtreatment,WillingnesstoPay,1669470349,2,0,0
85t7xi48,4,wq75db1r,22,informationtreatment,Insurance,1669470352,2,0,0
85t7xi48,2,8leo473z,13,informationtreatment,Beliefs,1669470353,1,0,0
85t7xi48,4,wq75db1r,23,informationtreatment,Results,1669470354,2,0,0
85t7xi48,29,tmnz1hf3,11,informationtreatment,PartIIIWelcome,1669470354,1,0,0
85t7xi48,12,mil6hq4c,13,informationtreatment,Beliefs,1669470355,1,0,0
85t7xi48,11,u8zs374p,34,informationtreatment,Beliefs,1669470356,4,0,0
85t7xi48,4,wq75db1r,26,informationtreatment,RiskInformation,1669470357,3,0,0
85t7xi48,14,dzg1cqjy,21,informationtreatment,WillingnesstoPay,1669470358,2,0,0
85t7xi48,13,k9jbmj16,11,informationtreatment,PartIIIWelcome,1669470359,1,0,0
85t7xi48,14,dzg1cqjy,22,informationtreatment,Insurance,1669470360,2,0,0
85t7xi48,14,dzg1cqjy,23,informationtreatment,Results,1669470362,2,0,0
85t7xi48,18,drvr0ry0,14,informationtreatment,WillingnesstoPay,1669470363,1,0,0
85t7xi48,11,u8zs374p,35,informationtreatment,WillingnesstoPay,1669470366,4,0,0
85t7xi48,18,drvr0ry0,15,informationtreatment,Insurance,1669470366,1,0,0
85t7xi48,11,u8zs374p,36,informationtreatment,Insurance,1669470367,4,0,0
85t7xi48,14,dzg1cqjy,26,informationtreatment,RiskInformation,1669470368,3,0,0
85t7xi48,18,drvr0ry0,16,informationtreatment,Results,1669470369,1,0,0
85t7xi48,29,tmnz1hf3,12,informationtreatment,RiskInformation,1669470372,1,0,0
85t7xi48,11,u8zs374p,37,informationtreatment,Results,1669470374,4,0,0
85t7xi48,11,u8zs374p,40,informationtreatment,RiskInformation,1669470377,5,0,0
85t7xi48,28,f1oym3yv,7,preexperiment,PartIIWelcome,1669470379,1,0,0
85t7xi48,18,drvr0ry0,19,informationtreatment,RiskInformation,1669470380,2,0,0
85t7xi48,17,t3chfdi1,11,informationtreatment,PartIIIWelcome,1669470382,1,0,0
85t7xi48,15,b8a98hwz,13,informationtreatment,Beliefs,1669470382,1,0,0
85t7xi48,23,74o34orf,20,informationtreatment,Beliefs,1669470385,2,0,0
85t7xi48,24,i8ot1vx9,19,informationtreatment,RiskInformation,1669470386,2,0,0
85t7xi48,21,1lsqfgd5,14,informationtreatment,WillingnesstoPay,1669470387,1,0,0
85t7xi48,27,a83e2jgv,14,informationtreatment,WillingnesstoPay,1669470388,1,0,0
85t7xi48,21,1lsqfgd5,15,informationtreatment,Insurance,1669470392,1,0,0
85t7xi48,27,a83e2jgv,15,informationtreatment,Insurance,1669470392,1,0,0
85t7xi48,9,1giolptq,14,informationtreatment,WillingnesstoPay,1669470393,1,0,0
85t7xi48,23,74o34orf,21,informationtreatment,WillingnesstoPay,1669470394,2,0,0
85t7xi48,27,a83e2jgv,16,informationtreatment,Results,1669470395,1,0,0
85t7xi48,13,k9jbmj16,12,informationtreatment,RiskInformation,1669470395,1,0,0
85t7xi48,21,1lsqfgd5,16,informationtreatment,Results,1669470395,1,0,0
85t7xi48,6,zkb9o1tt,27,informationtreatment,Beliefs,1669470396,3,0,0
85t7xi48,9,1giolptq,15,informationtreatment,Insurance,1669470397,1,0,0
85t7xi48,26,83wefhi0,20,informationtreatment,Beliefs,1669470398,2,0,0
85t7xi48,16,bi08199r,14,informationtreatment,WillingnesstoPay,1669470398,1,0,0
85t7xi48,17,t3chfdi1,12,informationtreatment,RiskInformation,1669470400,1,0,0
85t7xi48,9,1giolptq,16,informationtreatment,Results,1669470401,1,0,0
85t7xi48,23,74o34orf,22,informationtreatment,Insurance,1669470401,2,0,0
85t7xi48,16,bi08199r,15,informationtreatment,Insurance,1669470402,1,0,0
85t7xi48,27,a83e2jgv,19,informationtreatment,RiskInformation,1669470403,2,0,0
85t7xi48,23,74o34orf,23,informationtreatment,Results,1669470403,2,0,0
85t7xi48,16,bi08199r,16,informationtreatment,Results,1669470407,1,0,0
85t7xi48,23,74o34orf,26,informationtreatment,RiskInformation,1669470408,3,0,0
85t7xi48,21,1lsqfgd5,19,informationtreatment,RiskInformation,1669470408,2,0,0
85t7xi48,6,zkb9o1tt,28,informationtreatment,WillingnesstoPay,1669470409,3,0,0
85t7xi48,9,1giolptq,19,informationtreatment,RiskInformation,1669470410,2,0,0
85t7xi48,6,zkb9o1tt,29,informationtreatment,Insurance,1669470412,3,0,0
85t7xi48,6,zkb9o1tt,30,informationtreatment,Results,1669470416,3,0,0
85t7xi48,16,bi08199r,19,informationtreatment,RiskInformation,1669470416,2,0,0
85t7xi48,26,83wefhi0,21,informationtreatment,WillingnesstoPay,1669470420,2,0,0
85t7xi48,8,kjihg23w,19,informationtreatment,RiskInformation,1669470424,2,0,0
85t7xi48,6,zkb9o1tt,33,informationtreatment,RiskInformation,1669470424,4,0,0
85t7xi48,26,83wefhi0,22,informationtreatment,Insurance,1669470425,2,0,0
85t7xi48,26,83wefhi0,23,informationtreatment,Results,1669470426,2,0,0
85t7xi48,5,ney9pz8h,14,informationtreatment,WillingnesstoPay,1669470430,1,0,0
85t7xi48,30,1arh26uk,7,preexperiment,PartIIWelcome,1669470430,1,0,0
85t7xi48,5,ney9pz8h,15,informationtreatment,Insurance,1669470433,1,0,0
85t7xi48,4,wq75db1r,27,informationtreatment,Beliefs,1669470435,3,0,0
85t7xi48,26,83wefhi0,26,informationtreatment,RiskInformation,1669470435,3,0,0
85t7xi48,5,ney9pz8h,16,informationtreatment,Results,1669470437,1,0,0
85t7xi48,4,wq75db1r,28,informationtreatment,WillingnesstoPay,1669470440,3,0,0
85t7xi48,11,u8zs374p,41,informationtreatment,Beliefs,1669470440,5,0,0
85t7xi48,2,8leo473z,14,informationtreatment,WillingnesstoPay,1669470442,1,0,0
85t7xi48,4,wq75db1r,29,informationtreatment,Insurance,1669470442,3,0,0
85t7xi48,18,drvr0ry0,20,informationtreatment,Beliefs,1669470443,2,0,0
85t7xi48,4,wq75db1r,30,informationtreatment,Results,1669470444,3,0,0
85t7xi48,20,e66b738p,20,informationtreatment,Beliefs,1669470445,2,0,0
85t7xi48,2,8leo473z,15,informationtreatment,Insurance,1669470445,1,0,0
85t7xi48,2,8leo473z,16,informationtreatment,Results,1669470448,1,0,0
85t7xi48,5,ney9pz8h,19,informationtreatment,RiskInformation,1669470449,2,0,0
85t7xi48,11,u8zs374p,42,informationtreatment,WillingnesstoPay,1669470451,5,0,0
85t7xi48,11,u8zs374p,43,informationtreatment,Insurance,1669470452,5,0,0
85t7xi48,11,u8zs374p,44,informationtreatment,Results,1669470454,5,0,0
85t7xi48,4,wq75db1r,33,informationtreatment,RiskInformation,1669470458,4,0,0
85t7xi48,18,drvr0ry0,21,informationtreatment,WillingnesstoPay,1669470466,2,0,0
85t7xi48,18,drvr0ry0,22,informationtreatment,Insurance,1669470469,2,0,0
85t7xi48,27,a83e2jgv,20,informationtreatment,Beliefs,1669470469,2,0,0
85t7xi48,20,e66b738p,21,informationtreatment,WillingnesstoPay,1669470470,2,0,0
85t7xi48,21,1lsqfgd5,20,informationtreatment,Beliefs,1669470470,2,0,0
85t7xi48,12,mil6hq4c,14,informationtreatment,WillingnesstoPay,1669470472,1,0,0
85t7xi48,9,1giolptq,20,informationtreatment,Beliefs,1669470473,2,0,0
85t7xi48,30,1arh26uk,8,preexperiment,HL,1669470473,1,0,0
85t7xi48,23,74o34orf,27,informationtreatment,Beliefs,1669470473,3,0,0
85t7xi48,18,drvr0ry0,23,informationtreatment,Results,1669470474,2,0,0
85t7xi48,7,b7tbf6nq,13,informationtreatment,Beliefs,1669470474,1,0,0
85t7xi48,20,e66b738p,22,informationtreatment,Insurance,1669470474,2,0,0
85t7xi48,12,mil6hq4c,15,informationtreatment,Insurance,1669470475,1,0,0
85t7xi48,12,mil6hq4c,16,informationtreatment,Results,1669470478,1,0,0
85t7xi48,20,e66b738p,23,informationtreatment,Results,1669470479,2,0,0
85t7xi48,18,drvr0ry0,26,informationtreatment,RiskInformation,1669470481,3,0,0
85t7xi48,16,bi08199r,20,informationtreatment,Beliefs,1669470481,2,0,0
85t7xi48,24,i8ot1vx9,20,informationtreatment,Beliefs,1669470482,2,0,0
85t7xi48,2,8leo473z,19,informationtreatment,RiskInformation,1669470482,2,0,0
85t7xi48,23,74o34orf,28,informationtreatment,WillingnesstoPay,1669470482,3,0,0
85t7xi48,20,e66b738p,26,informationtreatment,RiskInformation,1669470483,3,0,0
85t7xi48,21,1lsqfgd5,21,informationtreatment,WillingnesstoPay,1669470485,2,0,0
85t7xi48,23,74o34orf,29,informationtreatment,Insurance,1669470486,3,0,0
85t7xi48,3,fvfzr9ke,8,preexperiment,HL,1669470486,1,0,0
85t7xi48,8,kjihg23w,20,informationtreatment,Beliefs,1669470487,2,0,0
85t7xi48,21,1lsqfgd5,22,informationtreatment,Insurance,1669470487,2,0,0
85t7xi48,23,74o34orf,30,informationtreatment,Results,1669470489,3,0,0
85t7xi48,6,zkb9o1tt,34,informationtreatment,Beliefs,1669470491,4,0,0
85t7xi48,21,1lsqfgd5,23,informationtreatment,Results,1669470491,2,0,0
85t7xi48,22,vcxly8rs,13,informationtreatment,Beliefs,1669470495,1,0,0
85t7xi48,12,mil6hq4c,19,informationtreatment,RiskInformation,1669470496,2,0,0
85t7xi48,9,1giolptq,21,informationtreatment,WillingnesstoPay,1669470497,2,0,0
85t7xi48,26,83wefhi0,27,informationtreatment,Beliefs,1669470497,3,0,0
85t7xi48,24,i8ot1vx9,21,informationtreatment,WillingnesstoPay,1669470499,2,0,0
85t7xi48,23,74o34orf,33,informationtreatment,RiskInformation,1669470500,4,0,0
85t7xi48,30,1arh26uk,9,preexperiment,HLLossFraming,1669470500,1,0,0
85t7xi48,9,1giolptq,22,informationtreatment,Insurance,1669470500,2,0,0
85t7xi48,27,a83e2jgv,21,informationtreatment,WillingnesstoPay,1669470501,2,0,0
85t7xi48,30,1arh26uk,10,preexperiment,AssignLosses,1669470501,1,0,0
85t7xi48,15,b8a98hwz,14,informationtreatment,WillingnesstoPay,1669470502,1,0,0
85t7xi48,14,dzg1cqjy,27,informationtreatment,Beliefs,1669470502,3,0,0
85t7xi48,25,axneev1i,13,informationtreatment,Beliefs,1669470502,1,0,0
85t7xi48,6,zkb9o1tt,35,informationtreatment,WillingnesstoPay,1669470503,4,0,0
85t7xi48,21,1lsqfgd5,26,informationtreatment,RiskInformation,1669470503,3,0,0
85t7xi48,24,i8ot1vx9,22,informationtreatment,Insurance,1669470503,2,0,0
85t7xi48,27,a83e2jgv,22,informationtreatment,Insurance,1669470504,2,0,0
85t7xi48,9,1giolptq,23,informationtreatment,Results,1669470504,2,0,0
85t7xi48,16,bi08199r,21,informationtreatment,WillingnesstoPay,1669470504,2,0,0
85t7xi48,6,zkb9o1tt,36,informationtreatment,Insurance,1669470505,4,0,0
85t7xi48,15,b8a98hwz,15,informationtreatment,Insurance,1669470506,1,0,0
85t7xi48,24,i8ot1vx9,23,informationtreatment,Results,1669470506,2,0,0
85t7xi48,27,a83e2jgv,23,informationtreatment,Results,1669470507,2,0,0
85t7xi48,6,zkb9o1tt,37,informationtreatment,Results,1669470508,4,0,0
85t7xi48,30,1arh26uk,11,informationtreatment,PartIIIWelcome,1669470508,1,0,0
85t7xi48,26,83wefhi0,28,informationtreatment,WillingnesstoPay,1669470509,3,0,0
85t7xi48,15,b8a98hwz,16,informationtreatment,Results,1669470509,1,0,0
85t7xi48,16,bi08199r,22,informationtreatment,Insurance,1669470510,2,0,0
85t7xi48,9,1giolptq,26,informationtreatment,RiskInformation,1669470511,3,0,0
85t7xi48,6,zkb9o1tt,40,informationtreatment,RiskInformation,1669470511,5,0,0
85t7xi48,26,83wefhi0,29,informationtreatment,Insurance,1669470511,3,0,0
85t7xi48,14,dzg1cqjy,28,informationtreatment,WillingnesstoPay,1669470512,3,0,0
85t7xi48,27,a83e2jgv,26,informationtreatment,RiskInformation,1669470513,3,0,0
85t7xi48,16,bi08199r,23,informationtreatment,Results,1669470513,2,0,0
85t7xi48,24,i8ot1vx9,26,informationtreatment,RiskInformation,1669470514,3,0,0
85t7xi48,26,83wefhi0,30,informationtreatment,Results,1669470514,3,0,0
85t7xi48,14,dzg1cqjy,29,informationtreatment,Insurance,1669470514,3,0,0
85t7xi48,30,1arh26uk,12,informationtreatment,RiskInformation,1669470515,1,0,0
85t7xi48,14,dzg1cqjy,30,informationtreatment,Results,1669470517,3,0,0
85t7xi48,14,dzg1cqjy,33,informationtreatment,RiskInformation,1669470519,4,0,0
85t7xi48,15,b8a98hwz,19,informationtreatment,RiskInformation,1669470522,2,0,0
85t7xi48,26,83wefhi0,33,informationtreatment,RiskInformation,1669470522,4,0,0
85t7xi48,16,bi08199r,26,informationtreatment,RiskInformation,1669470525,3,0,0
85t7xi48,8,kjihg23w,21,informationtreatment,WillingnesstoPay,1669470530,2,0,0
85t7xi48,4,wq75db1r,34,informationtreatment,Beliefs,1669470530,4,0,0
85t7xi48,8,kjihg23w,22,informationtreatment,Insurance,1669470532,2,0,0
85t7xi48,8,kjihg23w,23,informationtreatment,Results,1669470534,2,0,0
85t7xi48,8,kjihg23w,26,informationtreatment,RiskInformation,1669470537,3,0,0
85t7xi48,4,wq75db1r,35,informationtreatment,WillingnesstoPay,1669470540,4,0,0
85t7xi48,5,ney9pz8h,20,informationtreatment,Beliefs,1669470540,2,0,0
85t7xi48,4,wq75db1r,36,informationtreatment,Insurance,1669470542,4,0,0
85t7xi48,28,f1oym3yv,8,preexperiment,HL,1669470543,1,0,0
85t7xi48,18,drvr0ry0,27,informationtreatment,Beliefs,1669470544,3,0,0
85t7xi48,4,wq75db1r,37,informationtreatment,Results,1669470544,4,0,0
85t7xi48,20,e66b738p,27,informationtreatment,Beliefs,1669470546,3,0,0
85t7xi48,4,wq75db1r,40,informationtreatment,RiskInformation,1669470553,5,0,0
85t7xi48,5,ney9pz8h,21,informationtreatment,WillingnesstoPay,1669470556,2,0,0
85t7xi48,18,drvr0ry0,28,informationtreatment,WillingnesstoPay,1669470557,3,0,0
85t7xi48,20,e66b738p,28,informationtreatment,WillingnesstoPay,1669470557,3,0,0
85t7xi48,18,drvr0ry0,29,informationtreatment,Insurance,1669470560,3,0,0
85t7xi48,20,e66b738p,29,informationtreatment,Insurance,1669470561,3,0,0
85t7xi48,5,ney9pz8h,22,informationtreatment,Insurance,1669470561,2,0,0
85t7xi48,18,drvr0ry0,30,informationtreatment,Results,1669470563,3,0,0
85t7xi48,23,74o34orf,34,informationtreatment,Beliefs,1669470564,4,0,0
85t7xi48,20,e66b738p,30,informationtreatment,Results,1669470565,3,0,0
85t7xi48,5,ney9pz8h,23,informationtreatment,Results,1669470566,2,0,0
85t7xi48,21,1lsqfgd5,27,informationtreatment,Beliefs,1669470567,3,0,0
85t7xi48,20,e66b738p,33,informationtreatment,RiskInformation,1669470569,4,0,0
85t7xi48,18,drvr0ry0,33,informationtreatment,RiskInformation,1669470572,4,0,0
85t7xi48,9,1giolptq,27,informationtreatment,Beliefs,1669470574,3,0,0
85t7xi48,23,74o34orf,35,informationtreatment,WillingnesstoPay,1669470577,4,0,0
85t7xi48,5,ney9pz8h,26,informationtreatment,RiskInformation,1669470578,3,0,0
85t7xi48,24,i8ot1vx9,27,informationtreatment,Beliefs,1669470578,3,0,0
85t7xi48,23,74o34orf,36,informationtreatment,Insurance,1669470579,4,0,0
85t7xi48,27,a83e2jgv,27,informationtreatment,Beliefs,1669470581,3,0,0
85t7xi48,23,74o34orf,37,informationtreatment,Results,1669470581,4,0,0
85t7xi48,6,zkb9o1tt,41,informationtreatment,Beliefs,1669470581,5,0,0
85t7xi48,14,dzg1cqjy,34,informationtreatment,Beliefs,1669470583,4,0,0
85t7xi48,26,83wefhi0,34,informationtreatment,Beliefs,1669470584,4,0,0
85t7xi48,23,74o34orf,40,informationtreatment,RiskInformation,1669470585,5,0,0
85t7xi48,14,dzg1cqjy,35,informationtreatment,WillingnesstoPay,1669470588,4,0,0
85t7xi48,21,1lsqfgd5,28,informationtreatment,WillingnesstoPay,1669470588,3,0,0
85t7xi48,26,83wefhi0,35,informationtreatment,WillingnesstoPay,1669470589,4,0,0
85t7xi48,9,1giolptq,28,informationtreatment,WillingnesstoPay,1669470590,3,0,0
85t7xi48,14,dzg1cqjy,36,informationtreatment,Insurance,1669470590,4,0,0
85t7xi48,6,zkb9o1tt,42,informationtreatment,WillingnesstoPay,1669470590,5,0,0
85t7xi48,26,83wefhi0,36,informationtreatment,Insurance,1669470592,4,0,0
85t7xi48,21,1lsqfgd5,29,informationtreatment,Insurance,1669470592,3,0,0
85t7xi48,14,dzg1cqjy,37,informationtreatment,Results,1669470592,4,0,0
85t7xi48,24,i8ot1vx9,28,informationtreatment,WillingnesstoPay,1669470592,3,0,0
85t7xi48,6,zkb9o1tt,43,informationtreatment,Insurance,1669470593,5,0,0
85t7xi48,9,1giolptq,29,informationtreatment,Insurance,1669470593,3,0,0
85t7xi48,26,83wefhi0,37,informationtreatment,Results,1669470593,4,0,0
85t7xi48,29,tmnz1hf3,13,informationtreatment,Beliefs,1669470593,1,0,0
85t7xi48,15,b8a98hwz,20,informationtreatment,Beliefs,1669470593,2,0,0
85t7xi48,27,a83e2jgv,28,informationtreatment,WillingnesstoPay,1669470594,3,0,0
85t7xi48,21,1lsqfgd5,30,informationtreatment,Results,1669470594,3,0,0
85t7xi48,26,83wefhi0,40,informationtreatment,RiskInformation,1669470594,5,0,0
85t7xi48,6,zkb9o1tt,44,informationtreatment,Results,1669470594,5,0,0
85t7xi48,24,i8ot1vx9,29,informationtreatment,Insurance,1669470595,3,0,0
85t7xi48,16,bi08199r,27,informationtreatment,Beliefs,1669470595,3,0,0
85t7xi48,24,i8ot1vx9,30,informationtreatment,Results,1669470596,3,0,0
85t7xi48,9,1giolptq,30,informationtreatment,Results,1669470596,3,0,0
85t7xi48,21,1lsqfgd5,33,informationtreatment,RiskInformation,1669470597,4,0,0
85t7xi48,14,dzg1cqjy,40,informationtreatment,RiskInformation,1669470597,5,0,0
85t7xi48,27,a83e2jgv,29,informationtreatment,Insurance,1669470598,3,0,0
85t7xi48,24,i8ot1vx9,33,informationtreatment,RiskInformation,1669470600,4,0,0
85t7xi48,8,kjihg23w,27,informationtreatment,Beliefs,1669470601,3,0,0
85t7xi48,9,1giolptq,33,informationtreatment,RiskInformation,1669470601,4,0,0
85t7xi48,27,a83e2jgv,30,informationtreatment,Results,1669470603,3,0,0
85t7xi48,12,mil6hq4c,20,informationtreatment,Beliefs,1669470609,2,0,0
85t7xi48,27,a83e2jgv,33,informationtreatment,RiskInformation,1669470610,4,0,0
85t7xi48,8,kjihg23w,28,informationtreatment,WillingnesstoPay,1669470610,3,0,0
85t7xi48,6,zkb9o1tt,45,informationtreatment,FinalResults,1669470611,5,0,0
85t7xi48,16,bi08199r,28,informationtreatment,WillingnesstoPay,1669470615,3,0,0
85t7xi48,16,bi08199r,29,informationtreatment,Insurance,1669470617,3,0,0
85t7xi48,8,kjihg23w,29,informationtreatment,Insurance,1669470618,3,0,0
85t7xi48,16,bi08199r,30,informationtreatment,Results,1669470620,3,0,0
85t7xi48,8,kjihg23w,30,informationtreatment,Results,1669470620,3,0,0
85t7xi48,7,b7tbf6nq,14,informationtreatment,WillingnesstoPay,1669470625,1,0,0
85t7xi48,16,bi08199r,33,informationtreatment,RiskInformation,1669470625,4,0,0
85t7xi48,7,b7tbf6nq,15,informationtreatment,Insurance,1669470631,1,0,0
85t7xi48,20,e66b738p,34,informationtreatment,Beliefs,1669470633,4,0,0
85t7xi48,4,wq75db1r,41,informationtreatment,Beliefs,1669470634,5,0,0
85t7xi48,18,drvr0ry0,34,informationtreatment,Beliefs,1669470635,4,0,0
85t7xi48,7,b7tbf6nq,16,informationtreatment,Results,1669470636,1,0,0
85t7xi48,8,kjihg23w,33,informationtreatment,RiskInformation,1669470638,4,0,0
85t7xi48,5,ney9pz8h,27,informationtreatment,Beliefs,1669470640,3,0,0
85t7xi48,3,fvfzr9ke,9,preexperiment,HLLossFraming,1669470642,1,0,0
85t7xi48,18,drvr0ry0,35,informationtreatment,WillingnesstoPay,1669470643,4,0,0
85t7xi48,3,fvfzr9ke,10,preexperiment,AssignLosses,1669470644,1,0,0
85t7xi48,18,drvr0ry0,36,informationtreatment,Insurance,1669470646,4,0,0
85t7xi48,30,1arh26uk,13,informationtreatment,Beliefs,1669470646,1,0,0
85t7xi48,20,e66b738p,35,informationtreatment,WillingnesstoPay,1669470646,4,0,0
85t7xi48,25,axneev1i,14,informationtreatment,WillingnesstoPay,1669470648,1,0,0
85t7xi48,12,mil6hq4c,21,informationtreatment,WillingnesstoPay,1669470650,2,0,0
85t7xi48,18,drvr0ry0,37,informationtreatment,Results,1669470650,4,0,0
85t7xi48,15,b8a98hwz,21,informationtreatment,WillingnesstoPay,1669470651,2,0,0
85t7xi48,20,e66b738p,36,informationtreatment,Insurance,1669470651,4,0,0
85t7xi48,23,74o34orf,41,informationtreatment,Beliefs,1669470651,5,0,0
85t7xi48,7,b7tbf6nq,19,informationtreatment,RiskInformation,1669470652,2,0,0
85t7xi48,4,wq75db1r,42,informationtreatment,WillingnesstoPay,1669470652,5,0,0
85t7xi48,25,axneev1i,15,informationtreatment,Insurance,1669470652,1,0,0
85t7xi48,15,b8a98hwz,22,informationtreatment,Insurance,1669470654,2,0,0
85t7xi48,5,ney9pz8h,28,informationtreatment,WillingnesstoPay,1669470654,3,0,0
85t7xi48,4,wq75db1r,43,informationtreatment,Insurance,1669470654,5,0,0
85t7xi48,20,e66b738p,37,informationtreatment,Results,1669470655,4,0,0
85t7xi48,12,mil6hq4c,22,informationtreatment,Insurance,1669470655,2,0,0
85t7xi48,25,axneev1i,16,informationtreatment,Results,1669470655,1,0,0
85t7xi48,15,b8a98hwz,23,informationtreatment,Results,1669470656,2,0,0
85t7xi48,26,83wefhi0,41,informationtreatment,Beliefs,1669470656,5,0,0
85t7xi48,18,drvr0ry0,40,informationtreatment,RiskInformation,1669470656,5,0,0
85t7xi48,23,74o34orf,42,informationtreatment,WillingnesstoPay,1669470658,5,0,0
85t7xi48,20,e66b738p,40,informationtreatment,RiskInformation,1669470658,5,0,0
85t7xi48,5,ney9pz8h,29,informationtreatment,Insurance,1669470659,3,0,0
85t7xi48,12,mil6hq4c,23,informationtreatment,Results,1669470659,2,0,0
85t7xi48,23,74o34orf,43,informationtreatment,Insurance,1669470659,5,0,0
85t7xi48,21,1lsqfgd5,34,informationtreatment,Beliefs,1669470660,4,0,0
85t7xi48,23,74o34orf,44,informationtreatment,Results,1669470661,5,0,0
85t7xi48,4,wq75db1r,44,informationtreatment,Results,1669470663,5,0,0
85t7xi48,15,b8a98hwz,26,informationtreatment,RiskInformation,1669470663,3,0,0
85t7xi48,5,ney9pz8h,30,informationtreatment,Results,1669470664,3,0,0
85t7xi48,26,83wefhi0,42,informationtreatment,WillingnesstoPay,1669470664,5,0,0
85t7xi48,9,1giolptq,34,informationtreatment,Beliefs,1669470664,4,0,0
85t7xi48,26,83wefhi0,43,informationtreatment,Insurance,1669470665,5,0,0
85t7xi48,24,i8ot1vx9,34,informationtreatment,Beliefs,1669470666,4,0,0
85t7xi48,5,ney9pz8h,33,informationtreatment,RiskInformation,1669470666,4,0,0
85t7xi48,26,83wefhi0,44,informationtreatment,Results,1669470666,5,0,0
85t7xi48,12,mil6hq4c,26,informationtreatment,RiskInformation,1669470669,3,0,0
85t7xi48,3,fvfzr9ke,11,informationtreatment,PartIIIWelcome,1669470669,1,0,0
85t7xi48,23,74o34orf,45,informationtreatment,FinalResults,1669470669,5,0,0
85t7xi48,21,1lsqfgd5,35,informationtreatment,WillingnesstoPay,1669470670,4,0,0
85t7xi48,14,dzg1cqjy,41,informationtreatment,Beliefs,1669470670,5,0,0
85t7xi48,21,1lsqfgd5,36,informationtreatment,Insurance,1669470672,4,0,0
85t7xi48,24,i8ot1vx9,35,informationtreatment,WillingnesstoPay,1669470672,4,0,0
85t7xi48,27,a83e2jgv,34,informationtreatment,Beliefs,1669470672,4,0,0
85t7xi48,22,vcxly8rs,14,informationtreatment,WillingnesstoPay,1669470673,1,0,0
85t7xi48,21,1lsqfgd5,37,informationtreatment,Results,1669470674,4,0,0
85t7xi48,24,i8ot1vx9,36,informationtreatment,Insurance,1669470675,4,0,0
85t7xi48,25,axneev1i,19,informationtreatment,RiskInformation,1669470676,2,0,0
85t7xi48,26,83wefhi0,45,informationtreatment,FinalResults,1669470676,5,0,0
85t7xi48,21,1lsqfgd5,40,informationtreatment,RiskInformation,1669470676,5,0,0
85t7xi48,24,i8ot1vx9,37,informationtreatment,Results,1669470678,4,0,0
85t7xi48,22,vcxly8rs,15,informationtreatment,Insurance,1669470678,1,0,0
85t7xi48,14,dzg1cqjy,42,informationtreatment,WillingnesstoPay,1669470678,5,0,0
85t7xi48,14,dzg1cqjy,43,informationtreatment,Insurance,1669470680,5,0,0
85t7xi48,24,i8ot1vx9,40,informationtreatment,RiskInformation,1669470680,5,0,0
85t7xi48,22,vcxly8rs,16,informationtreatment,Results,1669470684,1,0,0
85t7xi48,14,dzg1cqjy,44,informationtreatment,Results,1669470685,5,0,0
85t7xi48,29,tmnz1hf3,14,informationtreatment,WillingnesstoPay,1669470686,1,0,0
85t7xi48,3,fvfzr9ke,12,informationtreatment,RiskInformation,1669470686,1,0,0
85t7xi48,16,bi08199r,34,informationtreatment,Beliefs,1669470689,4,0,0
85t7xi48,27,a83e2jgv,35,informationtreatment,WillingnesstoPay,1669470689,4,0,0
85t7xi48,29,tmnz1hf3,15,informationtreatment,Insurance,1669470689,1,0,0
85t7xi48,9,1giolptq,35,informationtreatment,WillingnesstoPay,1669470691,4,0,0
85t7xi48,27,a83e2jgv,36,informationtreatment,Insurance,1669470692,4,0,0
85t7xi48,9,1giolptq,36,informationtreatment,Insurance,1669470694,4,0,0
85t7xi48,27,a83e2jgv,37,informationtreatment,Results,1669470694,4,0,0
85t7xi48,9,1giolptq,37,informationtreatment,Results,1669470696,4,0,0
85t7xi48,22,vcxly8rs,19,informationtreatment,RiskInformation,1669470696,2,0,0
85t7xi48,27,a83e2jgv,40,informationtreatment,RiskInformation,1669470698,5,0,0
85t7xi48,9,1giolptq,40,informationtreatment,RiskInformation,1669470702,5,0,0
85t7xi48,29,tmnz1hf3,16,informationtreatment,Results,1669470705,1,0,0
85t7xi48,14,dzg1cqjy,45,informationtreatment,FinalResults,1669470706,5,0,0
85t7xi48,16,bi08199r,35,informationtreatment,WillingnesstoPay,1669470711,4,0,0
85t7xi48,8,kjihg23w,34,informationtreatment,Beliefs,1669470712,4,0,0
85t7xi48,16,bi08199r,36,informationtreatment,Insurance,1669470716,4,0,0
85t7xi48,20,e66b738p,41,informationtreatment,Beliefs,1669470721,5,0,0
85t7xi48,18,drvr0ry0,41,informationtreatment,Beliefs,1669470721,5,0,0
85t7xi48,16,bi08199r,37,informationtreatment,Results,1669470722,4,0,0
85t7xi48,15,b8a98hwz,27,informationtreatment,Beliefs,1669470725,3,0,0
85t7xi48,5,ney9pz8h,34,informationtreatment,Beliefs,1669470729,4,0,0
85t7xi48,12,mil6hq4c,27,informationtreatment,Beliefs,1669470734,3,0,0
85t7xi48,8,kjihg23w,35,informationtreatment,WillingnesstoPay,1669470734,4,0,0
85t7xi48,16,bi08199r,40,informationtreatment,RiskInformation,1669470734,5,0,0
85t7xi48,8,kjihg23w,36,informationtreatment,Insurance,1669470736,4,0,0
85t7xi48,4,wq75db1r,45,informationtreatment,FinalResults,1669470736,5,0,0
85t7xi48,8,kjihg23w,37,informationtreatment,Results,1669470738,4,0,0
85t7xi48,12,mil6hq4c,28,informationtreatment,WillingnesstoPay,1669470739,3,0,0
85t7xi48,5,ney9pz8h,35,informationtreatment,WillingnesstoPay,1669470739,4,0,0
85t7xi48,18,drvr0ry0,42,informationtreatment,WillingnesstoPay,1669470740,5,0,0
85t7xi48,21,1lsqfgd5,41,informationtreatment,Beliefs,1669470740,5,0,0
85t7xi48,7,b7tbf6nq,20,informationtreatment,Beliefs,1669470740,2,0,0
85t7xi48,20,e66b738p,42,informationtreatment,WillingnesstoPay,1669470740,5,0,0
85t7xi48,5,ney9pz8h,36,informationtreatment,Insurance,1669470741,4,0,0
85t7xi48,11,u8zs374p,45,informationtreatment,FinalResults,1669470741,5,0,0
85t7xi48,18,drvr0ry0,43,informationtreatment,Insurance,1669470742,5,0,0
85t7xi48,15,b8a98hwz,28,informationtreatment,WillingnesstoPay,1669470742,3,0,0
85t7xi48,5,ney9pz8h,37,informationtreatment,Results,1669470743,4,0,0
85t7xi48,20,e66b738p,43,informationtreatment,Insurance,1669470743,5,0,0
85t7xi48,24,i8ot1vx9,41,informationtreatment,Beliefs,1669470743,5,0,0
85t7xi48,29,tmnz1hf3,19,informationtreatment,RiskInformation,1669470743,2,0,0
85t7xi48,5,ney9pz8h,40,informationtreatment,RiskInformation,1669470744,5,0,0
85t7xi48,12,mil6hq4c,29,informationtreatment,Insurance,1669470744,3,0,0
85t7xi48,15,b8a98hwz,29,informationtreatment,Insurance,1669470744,3,0,0
85t7xi48,18,drvr0ry0,44,informationtreatment,Results,1669470744,5,0,0
85t7xi48,12,mil6hq4c,30,informationtreatment,Results,1669470746,3,0,0
85t7xi48,15,b8a98hwz,30,informationtreatment,Results,1669470746,3,0,0
85t7xi48,20,e66b738p,44,informationtreatment,Results,1669470747,5,0,0
85t7xi48,8,kjihg23w,40,informationtreatment,RiskInformation,1669470747,5,0,0
85t7xi48,24,i8ot1vx9,42,informationtreatment,WillingnesstoPay,1669470751,5,0,0
85t7xi48,21,1lsqfgd5,42,informationtreatment,WillingnesstoPay,1669470751,5,0,0
85t7xi48,15,b8a98hwz,33,informationtreatment,RiskInformation,1669470751,4,0,0
85t7xi48,21,1lsqfgd5,43,informationtreatment,Insurance,1669470752,5,0,0
85t7xi48,24,i8ot1vx9,43,informationtreatment,Insurance,1669470753,5,0,0
85t7xi48,21,1lsqfgd5,44,informationtreatment,Results,1669470754,5,0,0
85t7xi48,12,mil6hq4c,33,informationtreatment,RiskInformation,1669470754,4,0,0
85t7xi48,24,i8ot1vx9,44,informationtreatment,Results,1669470755,5,0,0
85t7xi48,22,vcxly8rs,20,informationtreatment,Beliefs,1669470761,2,0,0
85t7xi48,30,1arh26uk,14,informationtreatment,WillingnesstoPay,1669470767,1,0,0
85t7xi48,30,1arh26uk,15,informationtreatment,Insurance,1669470769,1,0,0
85t7xi48,9,1giolptq,41,informationtreatment,Beliefs,1669470769,5,0,0
85t7xi48,24,i8ot1vx9,45,informationtreatment,FinalResults,1669470769,5,0,0
85t7xi48,27,a83e2jgv,41,informationtreatment,Beliefs,1669470772,5,0,0
85t7xi48,20,e66b738p,45,informationtreatment,FinalResults,1669470772,5,0,0
85t7xi48,30,1arh26uk,16,informationtreatment,Results,1669470772,1,0,0
85t7xi48,7,b7tbf6nq,21,informationtreatment,WillingnesstoPay,1669470775,2,0,0
85t7xi48,21,1lsqfgd5,45,informationtreatment,FinalResults,1669470777,5,0,0
85t7xi48,18,drvr0ry0,45,informationtreatment,FinalResults,1669470779,5,0,0
85t7xi48,7,b7tbf6nq,22,informationtreatment,Insurance,1669470780,2,0,0
85t7xi48,27,a83e2jgv,42,informationtreatment,WillingnesstoPay,1669470780,5,0,0
85t7xi48,28,f1oym3yv,9,preexperiment,HLLossFraming,1669470780,1,0,0
85t7xi48,30,1arh26uk,19,informationtreatment,RiskInformation,1669470782,2,0,0
85t7xi48,27,a83e2jgv,43,informationtreatment,Insurance,1669470782,5,0,0
85t7xi48,28,f1oym3yv,10,preexperiment,AssignLosses,1669470783,1,0,0
85t7xi48,25,axneev1i,20,informationtreatment,Beliefs,1669470784,2,0,0
85t7xi48,27,a83e2jgv,44,informationtreatment,Results,1669470785,5,0,0
85t7xi48,7,b7tbf6nq,23,informationtreatment,Results,1669470786,2,0,0
85t7xi48,22,vcxly8rs,21,informationtreatment,WillingnesstoPay,1669470792,2,0,0
85t7xi48,22,vcxly8rs,22,informationtreatment,Insurance,1669470795,2,0,0
85t7xi48,25,axneev1i,21,informationtreatment,WillingnesstoPay,1669470795,2,0,0
85t7xi48,22,vcxly8rs,23,informationtreatment,Results,1669470798,2,0,0
85t7xi48,25,axneev1i,22,informationtreatment,Insurance,1669470798,2,0,0
85t7xi48,9,1giolptq,42,informationtreatment,WillingnesstoPay,1669470800,5,0,0
85t7xi48,16,bi08199r,41,informationtreatment,Beliefs,1669470800,5,0,0
85t7xi48,25,axneev1i,23,informationtreatment,Results,1669470801,2,0,0
85t7xi48,9,1giolptq,43,informationtreatment,Insurance,1669470802,5,0,0
85t7xi48,7,b7tbf6nq,26,informationtreatment,RiskInformation,1669470802,3,0,0
85t7xi48,22,vcxly8rs,26,informationtreatment,RiskInformation,1669470803,3,0,0
85t7xi48,9,1giolptq,44,informationtreatment,Results,1669470805,5,0,0
85t7xi48,5,ney9pz8h,41,informationtreatment,Beliefs,1669470805,5,0,0
85t7xi48,27,a83e2jgv,45,informationtreatment,FinalResults,1669470806,5,0,0
85t7xi48,25,axneev1i,26,informationtreatment,RiskInformation,1669470806,3,0,0
85t7xi48,29,tmnz1hf3,20,informationtreatment,Beliefs,1669470807,2,0,0
85t7xi48,5,ney9pz8h,42,informationtreatment,WillingnesstoPay,1669470811,5,0,0
85t7xi48,5,ney9pz8h,43,informationtreatment,Insurance,1669470813,5,0,0
85t7xi48,15,b8a98hwz,34,informationtreatment,Beliefs,1669470813,4,0,0
85t7xi48,5,ney9pz8h,44,informationtreatment,Results,1669470814,5,0,0
85t7xi48,16,bi08199r,42,informationtreatment,WillingnesstoPay,1669470815,5,0,0
85t7xi48,8,kjihg23w,41,informationtreatment,Beliefs,1669470816,5,0,0
85t7xi48,16,bi08199r,43,informationtreatment,Insurance,1669470818,5,0,0
85t7xi48,10,em1j9fnp,1,preexperiment,InformedConsentDE,1669470819,1,0,0
85t7xi48,28,f1oym3yv,11,informationtreatment,PartIIIWelcome,1669470821,1,0,0
85t7xi48,16,bi08199r,44,informationtreatment,Results,1669470822,5,0,0
85t7xi48,8,kjihg23w,42,informationtreatment,WillingnesstoPay,1669470825,5,0,0
85t7xi48,12,mil6hq4c,34,informationtreatment,Beliefs,1669470826,4,0,0
85t7xi48,8,kjihg23w,43,informationtreatment,Insurance,1669470827,5,0,0
85t7xi48,8,kjihg23w,44,informationtreatment,Results,1669470829,5,0,0
85t7xi48,15,b8a98hwz,35,informationtreatment,WillingnesstoPay,1669470830,4,0,0
85t7xi48,15,b8a98hwz,36,informationtreatment,Insurance,1669470833,4,0,0
85t7xi48,15,b8a98hwz,37,informationtreatment,Results,1669470834,4,0,0
85t7xi48,12,mil6hq4c,35,informationtreatment,WillingnesstoPay,1669470835,4,0,0
85t7xi48,12,mil6hq4c,36,informationtreatment,Insurance,1669470840,4,0,0
85t7xi48,15,b8a98hwz,40,informationtreatment,RiskInformation,1669470841,5,0,0
85t7xi48,12,mil6hq4c,37,informationtreatment,Results,1669470845,4,0,0
85t7xi48,10,em1j9fnp,2,preexperiment,Instructions,1669470846,1,0,0
85t7xi48,16,bi08199r,45,informationtreatment,FinalResults,1669470847,5,0,0
85t7xi48,10,em1j9fnp,3,preexperiment,PartIWelcome,1669470850,1,0,0
85t7xi48,12,mil6hq4c,40,informationtreatment,RiskInformation,1669470851,5,0,0
85t7xi48,28,f1oym3yv,12,informationtreatment,RiskInformation,1669470859,1,0,0
85t7xi48,29,tmnz1hf3,21,informationtreatment,WillingnesstoPay,1669470863,2,0,0
85t7xi48,22,vcxly8rs,27,informationtreatment,Beliefs,1669470866,3,0,0
85t7xi48,7,b7tbf6nq,27,informationtreatment,Beliefs,1669470867,3,0,0
85t7xi48,25,axneev1i,27,informationtreatment,Beliefs,1669470869,3,0,0
85t7xi48,29,tmnz1hf3,22,informationtreatment,Insurance,1669470869,2,0,0
85t7xi48,9,1giolptq,45,informationtreatment,FinalResults,1669470872,5,0,0
85t7xi48,30,1arh26uk,20,informationtreatment,Beliefs,1669470875,2,0,0
85t7xi48,5,ney9pz8h,45,informationtreatment,FinalResults,1669470876,5,0,0
85t7xi48,29,tmnz1hf3,23,informationtreatment,Results,1669470880,2,0,0
85t7xi48,7,b7tbf6nq,28,informationtreatment,WillingnesstoPay,1669470882,3,0,0
85t7xi48,30,1arh26uk,21,informationtreatment,WillingnesstoPay,1669470882,2,0,0
85t7xi48,22,vcxly8rs,28,informationtreatment,WillingnesstoPay,1669470883,3,0,0
85t7xi48,25,axneev1i,28,informationtreatment,WillingnesstoPay,1669470884,3,0,0
85t7xi48,22,vcxly8rs,29,informationtreatment,Insurance,1669470886,3,0,0
85t7xi48,30,1arh26uk,22,informationtreatment,Insurance,1669470887,2,0,0
85t7xi48,7,b7tbf6nq,29,informationtreatment,Insurance,1669470887,3,0,0
85t7xi48,25,axneev1i,29,informationtreatment,Insurance,1669470887,3,0,0
85t7xi48,30,1arh26uk,23,informationtreatment,Results,1669470889,2,0,0
85t7xi48,25,axneev1i,30,informationtreatment,Results,1669470891,3,0,0
85t7xi48,7,b7tbf6nq,30,informationtreatment,Results,1669470892,3,0,0
85t7xi48,22,vcxly8rs,30,informationtreatment,Results,1669470893,3,0,0
85t7xi48,25,axneev1i,33,informationtreatment,RiskInformation,1669470894,4,0,0
85t7xi48,30,1arh26uk,26,informationtreatment,RiskInformation,1669470894,3,0,0
85t7xi48,8,kjihg23w,45,informationtreatment,FinalResults,1669470902,5,0,0
85t7xi48,29,tmnz1hf3,26,informationtreatment,RiskInformation,1669470904,3,0,0
85t7xi48,7,b7tbf6nq,33,informationtreatment,RiskInformation,1669470907,4,0,0
85t7xi48,22,vcxly8rs,33,informationtreatment,RiskInformation,1669470911,4,0,0
85t7xi48,12,mil6hq4c,41,informationtreatment,Beliefs,1669470914,5,0,0
85t7xi48,12,mil6hq4c,42,informationtreatment,WillingnesstoPay,1669470919,5,0,0
85t7xi48,12,mil6hq4c,43,informationtreatment,Insurance,1669470922,5,0,0
85t7xi48,12,mil6hq4c,44,informationtreatment,Results,1669470924,5,0,0
85t7xi48,15,b8a98hwz,41,informationtreatment,Beliefs,1669470931,5,0,0
85t7xi48,10,em1j9fnp,4,preexperiment,Questionnaire,1669470935,1,0,0
85t7xi48,10,em1j9fnp,5,preexperiment,RiskElicitation,1669470953,1,0,0
85t7xi48,15,b8a98hwz,42,informationtreatment,WillingnesstoPay,1669470954,5,0,0
85t7xi48,15,b8a98hwz,43,informationtreatment,Insurance,1669470956,5,0,0
85t7xi48,10,em1j9fnp,6,preexperiment,ResultsRisk,1669470957,1,0,0
85t7xi48,15,b8a98hwz,44,informationtreatment,Results,1669470958,5,0,0
85t7xi48,2,8leo473z,20,informationtreatment,Beliefs,1669470958,2,0,0
85t7xi48,10,em1j9fnp,7,preexperiment,PartIIWelcome,1669470969,1,0,0
85t7xi48,25,axneev1i,34,informationtreatment,Beliefs,1669470969,4,0,0
85t7xi48,12,mil6hq4c,45,informationtreatment,FinalResults,1669470971,5,0,0
85t7xi48,22,vcxly8rs,34,informationtreatment,Beliefs,1669470974,4,0,0
85t7xi48,29,tmnz1hf3,27,informationtreatment,Beliefs,1669470977,3,0,0
85t7xi48,7,b7tbf6nq,34,informationtreatment,Beliefs,1669470977,4,0,0
85t7xi48,30,1arh26uk,27,informationtreatment,Beliefs,1669470978,3,0,0
85t7xi48,15,b8a98hwz,45,informationtreatment,FinalResults,1669470980,5,0,0
85t7xi48,22,vcxly8rs,35,informationtreatment,WillingnesstoPay,1669470980,4,0,0
85t7xi48,22,vcxly8rs,36,informationtreatment,Insurance,1669470983,4,0,0
85t7xi48,22,vcxly8rs,37,informationtreatment,Results,1669470988,4,0,0
85t7xi48,25,axneev1i,35,informationtreatment,WillingnesstoPay,1669470991,4,0,0
85t7xi48,29,tmnz1hf3,28,informationtreatment,WillingnesstoPay,1669470992,3,0,0
85t7xi48,25,axneev1i,36,informationtreatment,Insurance,1669470993,4,0,0
85t7xi48,7,b7tbf6nq,35,informationtreatment,WillingnesstoPay,1669470994,4,0,0
85t7xi48,2,8leo473z,21,informationtreatment,WillingnesstoPay,1669470995,2,0,0
85t7xi48,25,axneev1i,37,informationtreatment,Results,1669470996,4,0,0
85t7xi48,29,tmnz1hf3,29,informationtreatment,Insurance,1669470997,3,0,0
85t7xi48,25,axneev1i,40,informationtreatment,RiskInformation,1669470997,5,0,0
85t7xi48,2,8leo473z,22,informationtreatment,Insurance,1669470998,2,0,0
85t7xi48,22,vcxly8rs,40,informationtreatment,RiskInformation,1669470998,5,0,0
85t7xi48,7,b7tbf6nq,36,informationtreatment,Insurance,1669470999,4,0,0
85t7xi48,30,1arh26uk,28,informationtreatment,WillingnesstoPay,1669470999,3,0,0
85t7xi48,2,8leo473z,23,informationtreatment,Results,1669471001,2,0,0
85t7xi48,29,tmnz1hf3,30,informationtreatment,Results,1669471001,3,0,0
85t7xi48,30,1arh26uk,29,informationtreatment,Insurance,1669471002,3,0,0
85t7xi48,30,1arh26uk,30,informationtreatment,Results,1669471004,3,0,0
85t7xi48,7,b7tbf6nq,37,informationtreatment,Results,1669471004,4,0,0
85t7xi48,2,8leo473z,26,informationtreatment,RiskInformation,1669471008,3,0,0
85t7xi48,29,tmnz1hf3,33,informationtreatment,RiskInformation,1669471009,4,0,0
85t7xi48,30,1arh26uk,33,informationtreatment,RiskInformation,1669471010,4,0,0
85t7xi48,7,b7tbf6nq,40,informationtreatment,RiskInformation,1669471012,5,0,0
85t7xi48,10,em1j9fnp,8,preexperiment,HL,1669471054,1,0,0
85t7xi48,22,vcxly8rs,41,informationtreatment,Beliefs,1669471060,5,0,0
85t7xi48,17,t3chfdi1,13,informationtreatment,Beliefs,1669471063,1,0,0
85t7xi48,25,axneev1i,41,informationtreatment,Beliefs,1669471065,5,0,0
85t7xi48,3,fvfzr9ke,13,informationtreatment,Beliefs,1669471072,1,0,0
85t7xi48,7,b7tbf6nq,41,informationtreatment,Beliefs,1669471077,5,0,0
85t7xi48,22,vcxly8rs,42,informationtreatment,WillingnesstoPay,1669471082,5,0,0
85t7xi48,22,vcxly8rs,43,informationtreatment,Insurance,1669471086,5,0,0
85t7xi48,22,vcxly8rs,44,informationtreatment,Results,1669471089,5,0,0
85t7xi48,7,b7tbf6nq,42,informationtreatment,WillingnesstoPay,1669471094,5,0,0
85t7xi48,29,tmnz1hf3,34,informationtreatment,Beliefs,1669471094,4,0,0
85t7xi48,7,b7tbf6nq,43,informationtreatment,Insurance,1669471098,5,0,0
85t7xi48,25,axneev1i,42,informationtreatment,WillingnesstoPay,1669471098,5,0,0
85t7xi48,25,axneev1i,43,informationtreatment,Insurance,1669471100,5,0,0
85t7xi48,25,axneev1i,44,informationtreatment,Results,1669471103,5,0,0
85t7xi48,7,b7tbf6nq,44,informationtreatment,Results,1669471103,5,0,0
85t7xi48,29,tmnz1hf3,35,informationtreatment,WillingnesstoPay,1669471112,4,0,0
85t7xi48,30,1arh26uk,34,informationtreatment,Beliefs,1669471112,4,0,0
85t7xi48,30,1arh26uk,35,informationtreatment,WillingnesstoPay,1669471122,4,0,0
85t7xi48,29,tmnz1hf3,36,informationtreatment,Insurance,1669471122,4,0,0
85t7xi48,25,axneev1i,45,informationtreatment,FinalResults,1669471124,5,0,0
85t7xi48,30,1arh26uk,36,informationtreatment,Insurance,1669471124,4,0,0
85t7xi48,30,1arh26uk,37,informationtreatment,Results,1669471126,4,0,0
85t7xi48,30,1arh26uk,40,informationtreatment,RiskInformation,1669471129,5,0,0
85t7xi48,29,tmnz1hf3,37,informationtreatment,Results,1669471131,4,0,0
85t7xi48,7,b7tbf6nq,45,informationtreatment,FinalResults,1669471144,5,0,0
85t7xi48,22,vcxly8rs,45,informationtreatment,FinalResults,1669471145,5,0,0
85t7xi48,3,fvfzr9ke,14,informationtreatment,WillingnesstoPay,1669471149,1,0,0
85t7xi48,10,em1j9fnp,9,preexperiment,HLLossFraming,1669471150,1,0,0
85t7xi48,3,fvfzr9ke,15,informationtreatment,Insurance,1669471153,1,0,0
85t7xi48,10,em1j9fnp,10,preexperiment,AssignLosses,1669471153,1,0,0
85t7xi48,29,tmnz1hf3,40,informationtreatment,RiskInformation,1669471155,5,0,0
85t7xi48,3,fvfzr9ke,16,informationtreatment,Results,1669471156,1,0,0
85t7xi48,3,fvfzr9ke,19,informationtreatment,RiskInformation,1669471177,2,0,0
85t7xi48,30,1arh26uk,41,informationtreatment,Beliefs,1669471196,5,0,0
85t7xi48,30,1arh26uk,42,informationtreatment,WillingnesstoPay,1669471200,5,0,0
85t7xi48,30,1arh26uk,43,informationtreatment,Insurance,1669471202,5,0,0
85t7xi48,30,1arh26uk,44,informationtreatment,Results,1669471204,5,0,0
85t7xi48,10,em1j9fnp,11,informationtreatment,PartIIIWelcome,1669471210,1,0,0
85t7xi48,29,tmnz1hf3,41,informationtreatment,Beliefs,1669471219,5,0,0
85t7xi48,17,t3chfdi1,14,informationtreatment,WillingnesstoPay,1669471219,1,0,0
85t7xi48,10,em1j9fnp,12,informationtreatment,RiskInformation,1669471223,1,0,0
85t7xi48,17,t3chfdi1,15,informationtreatment,Insurance,1669471224,1,0,0
85t7xi48,17,t3chfdi1,16,informationtreatment,Results,1669471228,1,0,0
85t7xi48,3,fvfzr9ke,20,informationtreatment,Beliefs,1669471241,2,0,0
85t7xi48,17,t3chfdi1,19,informationtreatment,RiskInformation,1669471244,2,0,0
85t7xi48,3,fvfzr9ke,21,informationtreatment,WillingnesstoPay,1669471250,2,0,0
85t7xi48,3,fvfzr9ke,22,informationtreatment,Insurance,1669471253,2,0,0
85t7xi48,3,fvfzr9ke,23,informationtreatment,Results,1669471259,2,0,0
85t7xi48,2,8leo473z,27,informationtreatment,Beliefs,1669471264,3,0,0
85t7xi48,3,fvfzr9ke,26,informationtreatment,RiskInformation,1669471265,3,0,0
85t7xi48,29,tmnz1hf3,42,informationtreatment,WillingnesstoPay,1669471267,5,0,0
85t7xi48,29,tmnz1hf3,43,informationtreatment,Insurance,1669471273,5,0,0
85t7xi48,28,f1oym3yv,13,informationtreatment,Beliefs,1669471273,1,0,0
85t7xi48,2,8leo473z,28,informationtreatment,WillingnesstoPay,1669471276,3,0,0
85t7xi48,2,8leo473z,29,informationtreatment,Insurance,1669471278,3,0,0
85t7xi48,29,tmnz1hf3,44,informationtreatment,Results,1669471279,5,0,0
85t7xi48,2,8leo473z,30,informationtreatment,Results,1669471280,3,0,0
85t7xi48,2,8leo473z,33,informationtreatment,RiskInformation,1669471287,4,0,0
85t7xi48,17,t3chfdi1,20,informationtreatment,Beliefs,1669471309,2,0,0
85t7xi48,3,fvfzr9ke,27,informationtreatment,Beliefs,1669471327,3,0,0
85t7xi48,13,k9jbmj16,13,informationtreatment,Beliefs,1669471330,1,0,0
85t7xi48,29,tmnz1hf3,45,informationtreatment,FinalResults,1669471330,5,0,0
85t7xi48,3,fvfzr9ke,28,informationtreatment,WillingnesstoPay,1669471339,3,0,0
85t7xi48,3,fvfzr9ke,29,informationtreatment,Insurance,1669471342,3,0,0
85t7xi48,3,fvfzr9ke,30,informationtreatment,Results,1669471344,3,0,0
85t7xi48,2,8leo473z,34,informationtreatment,Beliefs,1669471361,4,0,0
85t7xi48,2,8leo473z,35,informationtreatment,WillingnesstoPay,1669471375,4,0,0
85t7xi48,2,8leo473z,36,informationtreatment,Insurance,1669471376,4,0,0
85t7xi48,2,8leo473z,37,informationtreatment,Results,1669471378,4,0,0
85t7xi48,17,t3chfdi1,21,informationtreatment,WillingnesstoPay,1669471380,2,0,0
85t7xi48,17,t3chfdi1,22,informationtreatment,Insurance,1669471385,2,0,0
85t7xi48,2,8leo473z,40,informationtreatment,RiskInformation,1669471388,5,0,0
85t7xi48,17,t3chfdi1,23,informationtreatment,Results,1669471393,2,0,0
85t7xi48,28,f1oym3yv,14,informationtreatment,WillingnesstoPay,1669471407,1,0,0
85t7xi48,17,t3chfdi1,26,informationtreatment,RiskInformation,1669471408,3,0,0
85t7xi48,28,f1oym3yv,15,informationtreatment,Insurance,1669471413,1,0,0
85t7xi48,30,1arh26uk,45,informationtreatment,FinalResults,1669471414,5,0,0
85t7xi48,28,f1oym3yv,16,informationtreatment,Results,1669471419,1,0,0
85t7xi48,28,f1oym3yv,19,informationtreatment,RiskInformation,1669471427,2,0,0
85t7xi48,3,fvfzr9ke,33,informationtreatment,RiskInformation,1669471440,4,0,0
85t7xi48,2,8leo473z,41,informationtreatment,Beliefs,1669471471,5,0,0
85t7xi48,17,t3chfdi1,27,informationtreatment,Beliefs,1669471472,3,0,0
85t7xi48,2,8leo473z,42,informationtreatment,WillingnesstoPay,1669471478,5,0,0
85t7xi48,10,em1j9fnp,13,informationtreatment,Beliefs,1669471479,1,0,0
85t7xi48,2,8leo473z,43,informationtreatment,Insurance,1669471480,5,0,0
85t7xi48,2,8leo473z,44,informationtreatment,Results,1669471481,5,0,0
85t7xi48,28,f1oym3yv,20,informationtreatment,Beliefs,1669471490,2,0,0
85t7xi48,3,fvfzr9ke,34,informationtreatment,Beliefs,1669471504,4,0,0
85t7xi48,2,8leo473z,45,informationtreatment,FinalResults,1669471511,5,0,0
85t7xi48,3,fvfzr9ke,35,informationtreatment,WillingnesstoPay,1669471516,4,0,0
85t7xi48,3,fvfzr9ke,36,informationtreatment,Insurance,1669471518,4,0,0
85t7xi48,3,fvfzr9ke,37,informationtreatment,Results,1669471520,4,0,0
85t7xi48,13,k9jbmj16,14,informationtreatment,WillingnesstoPay,1669471524,1,0,0
85t7xi48,13,k9jbmj16,15,informationtreatment,Insurance,1669471526,1,0,0
85t7xi48,13,k9jbmj16,16,informationtreatment,Results,1669471528,1,0,0
85t7xi48,17,t3chfdi1,28,informationtreatment,WillingnesstoPay,1669471529,3,0,0
85t7xi48,17,t3chfdi1,29,informationtreatment,Insurance,1669471535,3,0,0
85t7xi48,13,k9jbmj16,19,informationtreatment,RiskInformation,1669471541,2,0,0
85t7xi48,17,t3chfdi1,30,informationtreatment,Results,1669471543,3,0,0
85t7xi48,17,t3chfdi1,33,informationtreatment,RiskInformation,1669471552,4,0,0
85t7xi48,10,em1j9fnp,14,informationtreatment,WillingnesstoPay,1669471555,1,0,0
85t7xi48,28,f1oym3yv,21,informationtreatment,WillingnesstoPay,1669471558,2,0,0
85t7xi48,10,em1j9fnp,15,informationtreatment,Insurance,1669471560,1,0,0
85t7xi48,28,f1oym3yv,22,informationtreatment,Insurance,1669471561,2,0,0
85t7xi48,28,f1oym3yv,23,informationtreatment,Results,1669471563,2,0,0
85t7xi48,10,em1j9fnp,16,informationtreatment,Results,1669471564,1,0,0
85t7xi48,28,f1oym3yv,26,informationtreatment,RiskInformation,1669471566,3,0,0
85t7xi48,10,em1j9fnp,19,informationtreatment,RiskInformation,1669471574,2,0,0
85t7xi48,3,fvfzr9ke,40,informationtreatment,RiskInformation,1669471591,5,0,0
85t7xi48,13,k9jbmj16,20,informationtreatment,Beliefs,1669471607,2,0,0
85t7xi48,13,k9jbmj16,21,informationtreatment,WillingnesstoPay,1669471617,2,0,0
85t7xi48,17,t3chfdi1,34,informationtreatment,Beliefs,1669471618,4,0,0
85t7xi48,13,k9jbmj16,22,informationtreatment,Insurance,1669471619,2,0,0
85t7xi48,13,k9jbmj16,23,informationtreatment,Results,1669471620,2,0,0
85t7xi48,13,k9jbmj16,26,informationtreatment,RiskInformation,1669471623,3,0,0
85t7xi48,28,f1oym3yv,27,informationtreatment,Beliefs,1669471630,3,0,0
85t7xi48,17,t3chfdi1,35,informationtreatment,WillingnesstoPay,1669471657,4,0,0
85t7xi48,3,fvfzr9ke,41,informationtreatment,Beliefs,1669471659,5,0,0
85t7xi48,10,em1j9fnp,20,informationtreatment,Beliefs,1669471662,2,0,0
85t7xi48,17,t3chfdi1,36,informationtreatment,Insurance,1669471662,4,0,0
85t7xi48,17,t3chfdi1,37,informationtreatment,Results,1669471669,4,0,0
85t7xi48,3,fvfzr9ke,42,informationtreatment,WillingnesstoPay,1669471670,5,0,0
85t7xi48,3,fvfzr9ke,43,informationtreatment,Insurance,1669471671,5,0,0
85t7xi48,3,fvfzr9ke,44,informationtreatment,Results,1669471673,5,0,0
85t7xi48,10,em1j9fnp,21,informationtreatment,WillingnesstoPay,1669471674,2,0,0
85t7xi48,10,em1j9fnp,22,informationtreatment,Insurance,1669471678,2,0,0
85t7xi48,10,em1j9fnp,23,informationtreatment,Results,1669471681,2,0,0
85t7xi48,17,t3chfdi1,40,informationtreatment,RiskInformation,1669471683,5,0,0
85t7xi48,10,em1j9fnp,26,informationtreatment,RiskInformation,1669471692,3,0,0
85t7xi48,3,fvfzr9ke,45,informationtreatment,FinalResults,1669471723,5,0,0
85t7xi48,17,t3chfdi1,41,informationtreatment,Beliefs,1669471750,5,0,0
85t7xi48,10,em1j9fnp,27,informationtreatment,Beliefs,1669471762,3,0,0
85t7xi48,10,em1j9fnp,28,informationtreatment,WillingnesstoPay,1669471770,3,0,0
85t7xi48,17,t3chfdi1,42,informationtreatment,WillingnesstoPay,1669471773,5,0,0
85t7xi48,10,em1j9fnp,29,informationtreatment,Insurance,1669471773,3,0,0
85t7xi48,17,t3chfdi1,43,informationtreatment,Insurance,1669471776,5,0,0
85t7xi48,10,em1j9fnp,30,informationtreatment,Results,1669471777,3,0,0
85t7xi48,17,t3chfdi1,44,informationtreatment,Results,1669471780,5,0,0
85t7xi48,10,em1j9fnp,33,informationtreatment,RiskInformation,1669471784,4,0,0
85t7xi48,28,f1oym3yv,28,informationtreatment,WillingnesstoPay,1669471791,3,0,0
85t7xi48,28,f1oym3yv,29,informationtreatment,Insurance,1669471794,3,0,0
85t7xi48,28,f1oym3yv,30,informationtreatment,Results,1669471797,3,0,0
85t7xi48,28,f1oym3yv,33,informationtreatment,RiskInformation,1669471799,4,0,0
85t7xi48,13,k9jbmj16,27,informationtreatment,Beliefs,1669471841,3,0,0
85t7xi48,13,k9jbmj16,28,informationtreatment,WillingnesstoPay,1669471857,3,0,0
85t7xi48,13,k9jbmj16,29,informationtreatment,Insurance,1669471859,3,0,0
85t7xi48,13,k9jbmj16,30,informationtreatment,Results,1669471862,3,0,0
85t7xi48,28,f1oym3yv,34,informationtreatment,Beliefs,1669471863,4,0,0
85t7xi48,10,em1j9fnp,34,informationtreatment,Beliefs,1669471864,4,0,0
85t7xi48,13,k9jbmj16,33,informationtreatment,RiskInformation,1669471865,4,0,0
85t7xi48,10,em1j9fnp,35,informationtreatment,WillingnesstoPay,1669471877,4,0,0
85t7xi48,17,t3chfdi1,45,informationtreatment,FinalResults,1669471879,5,0,0
85t7xi48,10,em1j9fnp,36,informationtreatment,Insurance,1669471880,4,0,0
85t7xi48,28,f1oym3yv,35,informationtreatment,WillingnesstoPay,1669471881,4,0,0
85t7xi48,10,em1j9fnp,37,informationtreatment,Results,1669471882,4,0,0
85t7xi48,28,f1oym3yv,36,informationtreatment,Insurance,1669471885,4,0,0
85t7xi48,28,f1oym3yv,37,informationtreatment,Results,1669471888,4,0,0
85t7xi48,10,em1j9fnp,40,informationtreatment,RiskInformation,1669471889,5,0,0
85t7xi48,28,f1oym3yv,40,informationtreatment,RiskInformation,1669471891,5,0,0
85t7xi48,28,f1oym3yv,41,informationtreatment,Beliefs,1669471954,5,0,0
85t7xi48,28,f1oym3yv,42,informationtreatment,WillingnesstoPay,1669471967,5,0,0
85t7xi48,28,f1oym3yv,43,informationtreatment,Insurance,1669471969,5,0,0
85t7xi48,28,f1oym3yv,44,informationtreatment,Results,1669471972,5,0,0
85t7xi48,13,k9jbmj16,34,informationtreatment,Beliefs,1669471973,4,0,0
85t7xi48,13,k9jbmj16,35,informationtreatment,WillingnesstoPay,1669471982,4,0,0
85t7xi48,13,k9jbmj16,36,informationtreatment,Insurance,1669471986,4,0,0
85t7xi48,13,k9jbmj16,37,informationtreatment,Results,1669471987,4,0,0
85t7xi48,13,k9jbmj16,40,informationtreatment,RiskInformation,1669471989,5,0,0
85t7xi48,28,f1oym3yv,45,informationtreatment,FinalResults,1669472006,5,0,0
85t7xi48,10,em1j9fnp,41,informationtreatment,Beliefs,1669472016,5,0,0
85t7xi48,10,em1j9fnp,42,informationtreatment,WillingnesstoPay,1669472028,5,0,0
85t7xi48,10,em1j9fnp,43,informationtreatment,Insurance,1669472031,5,0,0
85t7xi48,10,em1j9fnp,44,informationtreatment,Results,1669472034,5,0,0
85t7xi48,10,em1j9fnp,45,informationtreatment,FinalResults,1669472080,5,0,0
85t7xi48,13,k9jbmj16,41,informationtreatment,Beliefs,1669472194,5,0,0
85t7xi48,13,k9jbmj16,42,informationtreatment,WillingnesstoPay,1669472206,5,0,0
85t7xi48,13,k9jbmj16,43,informationtreatment,Insurance,1669472210,5,0,0
85t7xi48,13,k9jbmj16,44,informationtreatment,Results,1669472211,5,0,0
85t7xi48,13,k9jbmj16,45,informationtreatment,FinalResults,1669472225,5,0,0
